Compact Stream Performance Test,,,,,,,,
Timestamp on Tick,Latency After Decode,Bid,Ask,,Timestamp on Tick,Latency After Decode,Bid,Ask
1396635413.626,13.879,1.36984,1.36997,,1396635413.626,343.603,1.36984,1.36997
1396635417.619,13.293,1.36983,1.36995,,1396635417.619,14.947,1.36983,1.36995
1396635418.022,11.674,1.36984,1.36994,,1396635418.022,12.71,1.36984,1.36994
1396635419.031,10.7,1.36986,1.36996,,1396635419.031,11.876,1.36986,1.36996
1396635419.211,13.815,1.36985,1.36996,,1396635419.211,14.457,1.36985,1.36996
1396635422.654,212.71,1.36986,1.36996,,1396635422.654,1212.561,1.36986,1.36996
1396635424.149,16.026,1.36985,1.36996,,1396635424.149,17.448,1.36985,1.36996
1396635424.201,19.565,1.36983,1.36994,,1396635424.201,64.905,1.36983,1.36994
1396635424.23,15.108,1.36981,1.36992,,1396635424.23,132.652,1.36981,1.36992
1396635424.302,15.948,1.36981,1.36991,,1396635424.302,61.371,1.36981,1.36991
1396635424.913,13.001,1.36981,1.3699,,1396635424.913,18.993,1.36981,1.3699
1396635431.838,11.742,1.36979,1.36988,,1396635431.838,13.162,1.36979,1.36988
1396635454.119,11.3,1.36981,1.3699,,1396635454.119,12.189,1.36981,1.3699
1396634521.774,856.357,0.02654,0.03581,,1396635474.725,920.017,1.3698,1.36991
1396635487.918,11.457,1.36981,1.3699,,1396635487.918,12.523,1.36981,1.3699
1396635499.135,14.424,1.3698,1.36991,,1396635499.135,15.383,1.3698,1.36991
1396635508.158,10.629,1.36981,1.3699,,1396635508.158,11.987,1.36981,1.3699
1396635511.825,12.605,1.3698,1.36991,,1396635511.825,13.407,1.3698,1.36991
1396635511.894,17.761,1.3698,1.36992,,1396635511.894,45.117,1.3698,1.36992
1396635511.925,42.86,1.36983,1.36995,,1396635511.925,113.529,1.36983,1.36995
1396635512.323,12.42,1.36986,1.36997,,1396635512.323,13.989,1.36986,1.36997
1396635531.902,13.535,1.36983,1.36994,,1396635531.902,14.126,1.36983,1.36994
1396635531.94,14.371,1.36981,1.36992,,1396635531.94,77.211,1.36981,1.36992
1396635533.931,17.379,1.36982,1.3699,,1396635533.931,18.601,1.36982,1.3699
1396635537.837,11.996,1.3698,1.36991,,1396635537.837,12.494,1.3698,1.36991
1396635544.323,15.996,1.3698,1.36991,,1396635544.323,13.705,1.3698,1.36991
1396635551.014,15.751,1.36979,1.36989,,1396635551.014,16.935,1.36979,1.36989
1396635552.613,40.502,1.36981,1.36994,,1396635552.425,770.872,1.36979,1.36991
1396635552.714,12.445,1.36982,1.36994,,1396635552.51,687.598,1.36981,1.36993
1396635552.921,12.286,1.36984,1.36994,,1396635552.525,674.954,1.3698,1.36994
1396635563.02,11.587,1.36984,1.36995,,1396635552.613,588.125,1.36981,1.36994
1396635567.411,12.655,1.36985,1.36995,,1396635552.714,489.423,1.36982,1.36994
1396635569.12,19.724,1.36984,1.36995,,1396635552.921,283.468,1.36984,1.36994
1396635577.132,11.866,1.36984,1.36996,,1396635563.02,12.593,1.36984,1.36995
1396635577.223,17.246,1.36985,1.36996,,1396635567.411,13.447,1.36985,1.36995
1396635577.623,11.417,1.36984,1.36996,,1396635569.12,21.116,1.36984,1.36995
1396635578.712,11.532,1.36984,1.36995,,1396635577.132,14.548,1.36984,1.36996
1396635590.615,10.872,1.36986,1.36995,,1396635577.223,24.548,1.36985,1.36996
1396635590.697,11.101,1.36985,1.36995,,1396635577.623,11.857,1.36984,1.36996
1396635590.722,11.615,1.36985,1.36997,,1396635578.712,12.269,1.36984,1.36995
1396635590.731,17.783,1.36986,1.36997,,1396635590.615,11.427,1.36986,1.36995
1396635595.712,11.178,1.36984,1.36996,,1396635590.697,30.425,1.36985,1.36995
1396635596.12,15.845,1.36986,1.36996,,1396635590.722,108.266,1.36985,1.36997
1396635600.623,12.134,1.36984,1.36996,,1396635590.731,101.327,1.36986,1.36997
1396635600.921,11.896,1.36986,1.36997,,1396635595.712,11.656,1.36984,1.36996
1396635602.909,10.512,1.36987,1.36996,,1396635596.12,16.408,1.36986,1.36996
1396635605.678,10.37,1.36986,1.36997,,1396635600.623,13.407,1.36984,1.36996
1396635605.813,12.448,1.36984,1.36996,,1396635600.921,13.461,1.36986,1.36997
1396635606.224,11.314,1.36986,1.36996,,1396635602.909,12.002,1.36987,1.36996
1396635606.573,13.624,1.36985,1.36997,,1396635605.678,11.872,1.36986,1.36997
1396635606.68,11.767,1.36986,1.36997,,1396635605.813,13.421,1.36984,1.36996
1396635610.791,10.507,1.36984,1.36996,,1396635606.224,11.838,1.36986,1.36996
1396635610.921,22.506,1.36986,1.36997,,1396635606.573,14.509,1.36985,1.36997
1396635615.679,11.297,1.36985,1.36998,,1396635606.68,12.57,1.36986,1.36997
1396635615.814,10.686,1.36985,1.36997,,1396635610.791,11.818,1.36984,1.36996
1396635616.004,13.639,1.36986,1.36997,,1396635610.921,24.133,1.36986,1.36997
1396635729.512,13.196,1.36986,1.36998,,1396635615.679,12.484,1.36985,1.36998
1396635729.624,21.283,1.36984,1.36996,,1396635615.814,11.928,1.36985,1.36997
1396635729.716,14.491,1.36985,1.36996,,1396635616.004,15.066,1.36986,1.36997
1396635729.813,12.953,1.36984,1.36994,,1396635729.512,41.029,1.36986,1.36998
1396635730.783,15.857,1.36982,1.36993,,1396635729.624,33.792,1.36984,1.36996
1396635730.79,31.858,1.36981,1.36993,,1396635729.716,37.329,1.36985,1.36996
1396635732.131,20.73,1.3698,1.36993,,1396635729.813,41.859,1.36984,1.36994
1396635732.22,11.825,1.3698,1.36992,,1396635730.783,16.712,1.36982,1.36993
1396635733.434,12.209,1.3698,1.36991,,1396635730.79,105.165,1.36981,1.36993
1396635742.411,11.657,1.36981,1.36991,,1396635732.131,21.608,1.3698,1.36993
1396635742.413,31.112,1.3698,1.36992,,1396635732.22,32.428,1.3698,1.36992
1396635742.435,32.01,1.3698,1.36991,,1396635733.434,12.402,1.3698,1.36991
1396635742.475,11.289,1.36981,1.36993,,1396635742.411,11.434,1.36981,1.36991
1396635742.614,11.172,1.36984,1.36995,,1396635742.413,116.342,1.3698,1.36992
1396635744.611,14.891,1.36985,1.36995,,1396635742.435,95.58,1.3698,1.36991
1396635745.311,16.431,1.36987,1.36997,,1396635742.475,149.665,1.36981,1.36993
1396635749.732,14.493,1.36985,1.36995,,1396635742.614,109.167,1.36984,1.36995
1396635753.31,11.966,1.36984,1.36996,,1396635744.611,15.962,1.36985,1.36995
1396635753.512,15.786,1.36985,1.36995,,1396635745.311,16.407,1.36987,1.36997
1396635762.212,15.688,1.36985,1.36997,,1396635749.732,15.575,1.36985,1.36995
1396635762.313,11.594,1.36986,1.36997,,1396635753.31,13.06,1.36984,1.36996
1396635762.611,12.969,1.36985,1.36997,,1396635753.512,17.156,1.36985,1.36995
1396635762.713,12.385,1.36986,1.36997,,1396635762.212,13.19,1.36985,1.36997
1396635779.13,34.56,1.36985,1.36994,,1396635762.313,13.458,1.36986,1.36997
1396635780.056,12.997,1.36984,1.36995,,1396635762.611,13.751,1.36985,1.36997
1396635782.714,457.733,1.36985,1.36994,,1396635762.713,14.082,1.36986,1.36997
1396635785.979,24.329,1.36984,1.36995,,1396635779.13,36.079,1.36985,1.36994
1396635790.121,22.244,1.36986,1.36996,,1396635780.056,14.635,1.36984,1.36995
1396635794.514,11.138,1.36986,1.36995,,1396635782.714,538.078,1.36985,1.36994
1396635801.022,14.174,1.36986,1.36997,,1396635785.979,26.068,1.36984,1.36995
1396635805.783,25.696,1.36984,1.36995,,1396635790.121,22.856,1.36986,1.36996
1396635805.944,21.233,1.36984,1.36996,,1396635794.514,74.75,1.36986,1.36995
1396635808.003,26.509,1.36983,1.36994,,1396635801.022,15.634,1.36986,1.36997
1396635809.823,24.842,1.36986,1.36996,,1396635805.783,26.989,1.36984,1.36995
1396635810.438,22.868,1.36985,1.36997,,1396635805.944,21.601,1.36984,1.36996
1396635810.445,52.518,1.36984,1.36997,,1396635808.003,27.636,1.36983,1.36994
1396635810.86,11.405,1.36985,1.36997,,1396635809.823,24.302,1.36986,1.36996
1396635810.904,10.944,1.36984,1.36997,,1396635810.438,24.01,1.36985,1.36997
1396635812.611,14.811,1.36985,1.36997,,1396635810.445,122.805,1.36984,1.36997
1396635813.65,13.154,1.36983,1.36997,,1396635810.86,13.001,1.36985,1.36997
1396635813.923,18.175,1.36984,1.36996,,1396635810.904,72.174,1.36984,1.36997
1396635814.013,23.025,1.36984,1.36995,,1396635812.611,14.475,1.36985,1.36997
1396635814.113,33.38,1.36985,1.36995,,1396635813.65,14.813,1.36983,1.36997
1396635814.719,16.248,1.36982,1.36994,,1396635813.923,19.877,1.36984,1.36996
1396635814.802,221.201,1.36981,1.36994,,1396635814.013,34.542,1.36984,1.36995
1396635819.498,27.221,1.3698,1.36994,,1396635814.113,1226.72,1.36985,1.36995
1396635820.865,13.739,1.3698,1.36994,,1396635814.719,644.267,1.36982,1.36994
1396635823.013,26.53,1.36983,1.36991,,1396635814.802,562.862,1.36981,1.36994
1396635823.021,66.121,1.3698,1.36994,,1396635819.498,100.785,1.3698,1.36994
1396635823.116,25.359,1.36979,1.36992,,1396635820.865,14.592,1.3698,1.36994
1396635823.15,17.287,1.36977,1.3699,,1396635823.013,27.647,1.36983,1.36991
1396635823.181,17.168,1.36978,1.3699,,1396635823.021,119.479,1.3698,1.36994
1396635823.413,27.462,1.36976,1.3699,,1396635823.116,118.86,1.36979,1.36992
1396635824.119,23.484,1.36977,1.36988,,1396635823.15,86.312,1.36977,1.3699
1396635824.149,39.627,1.36977,1.36989,,1396635823.181,57.436,1.36978,1.3699
1396635824.536,18.454,1.36978,1.36989,,1396635823.413,28.46,1.36976,1.3699
1396635824.612,15.077,1.36977,1.3699,,1396635824.119,24.701,1.36977,1.36988
1396635824.62,40.68,1.36975,1.3699,,1396635824.149,100.008,1.36977,1.36989
1396635825.111,21.203,1.36978,1.36988,,1396635824.536,61.22,1.36978,1.36989
1396635835.252,12.138,1.36977,1.36989,,1396635824.612,87.316,1.36977,1.3699
1396635836.016,27.337,1.36974,1.36986,,1396635824.62,81.914,1.36975,1.3699
1396635836.058,21.672,1.36972,1.36984,,1396635825.111,22.598,1.36978,1.36988
1396635836.643,100.373,1.3697,1.36982,,1396635835.252,13.935,1.36977,1.36989
1396635838.063,25.187,1.36972,1.36982,,1396635836.016,28.002,1.36974,1.36986
1396635838.119,30.257,1.36972,1.36983,,1396635836.058,72.803,1.36972,1.36984
1396635838.121,55.009,1.36972,1.36985,,1396635836.213,1221.315,1.36973,1.36983
1396635838.215,22.694,1.36972,1.36984,,1396635836.516,938.642,1.36971,1.36983
1396635838.421,22.576,1.36973,1.36983,,1396635836.535,921.336,1.36971,1.36982
1396635840.122,15.24,1.36975,1.36985,,1396635836.641,816.681,1.36972,1.36982
1396635840.122,41.467,1.36974,1.36985,,1396635836.643,817.023,1.3697,1.36982
1396635842.626,29.423,1.36971,1.36982,,1396635838.063,26.445,1.36972,1.36982
1396635842.72,19.772,1.36972,1.36982,,1396635838.119,68.431,1.36972,1.36983
1396635844.619,23.713,1.36972,1.36983,,1396635838.121,163.256,1.36972,1.36985
1396635847.425,19.244,1.36972,1.36982,,1396635838.215,70.729,1.36972,1.36984
1396635850.847,18.824,1.36975,1.36985,,1396635838.421,23.585,1.36973,1.36983
1396635855.306,12.734,1.36974,1.36986,,1396635840.122,16.773,1.36975,1.36985
1396635857.427,10.449,1.36975,1.36985,,1396635840.122,121.317,1.36974,1.36985
1396635858.732,11.478,1.36976,1.36985,,1396635842.626,30.689,1.36971,1.36982
1396635870.72,12.676,1.36976,1.36985,,1396635842.72,32.634,1.36972,1.36982
1396635873.314,11.852,1.36973,1.36987,,1396635844.619,25.331,1.36972,1.36983
1396635873.512,11.247,1.36974,1.36986,,1396635847.425,19.389,1.36972,1.36982
1396635877.57,12.313,1.36976,1.36985,,1396635850.847,19.825,1.36975,1.36985
1396635877.712,10.861,1.36975,1.36986,,1396635855.306,13.51,1.36974,1.36986
1396635877.812,11.575,1.36975,1.36985,,1396635857.427,11.775,1.36975,1.36985
1396635881.064,15.897,1.36973,1.36985,,1396635858.732,12.136,1.36976,1.36985
1396635881.113,11.327,1.36973,1.36984,,1396635870.72,13.935,1.36976,1.36985
1396635883.412,11.146,1.36975,1.36985,,1396635873.314,12.28,1.36973,1.36987
1396635885.712,12.282,1.36976,1.36985,,1396635873.512,11.883,1.36974,1.36986
1396635885.811,11.389,1.36975,1.36985,,1396635877.57,12.679,1.36976,1.36985
1396635896.068,13.653,1.36975,1.36985,,1396635877.712,11.912,1.36975,1.36986
1396635899.419,11.034,1.36975,1.36987,,1396635877.812,13.898,1.36975,1.36985
1396635899.491,11.601,1.36976,1.36987,,1396635881.064,11.841,1.36973,1.36985
1396635899.523,11.683,1.36976,1.36988,,1396635881.113,63.87,1.36973,1.36984
1396635899.555,16.201,1.36979,1.36991,,1396635883.412,11.996,1.36975,1.36985
1396635899.612,11.214,1.36979,1.3699,,1396635885.712,12.919,1.36976,1.36985
1396635901.242,12.28,1.3698,1.36989,,1396635885.811,14.32,1.36975,1.36985
1396635901.616,19.95,1.3698,1.36991,,1396635896.068,14.412,1.36975,1.36985
1396635901.676,12.544,1.36981,1.36991,,1396635899.419,12.517,1.36975,1.36987
1396635906.813,12.309,1.36982,1.36993,,1396635899.491,39.682,1.36976,1.36987
1396635906.831,11.179,1.36982,1.36996,,1396635899.523,109.478,1.36976,1.36988
1396635906.915,12.888,1.36983,1.36996,,1396635899.555,79.699,1.36979,1.36991
1396635907.121,13.587,1.36984,1.36995,,1396635899.612,123.629,1.36979,1.3699
1396635908.811,14.774,1.36983,1.36996,,1396635901.242,12.681,1.3698,1.36989
1396635908.934,13.042,1.36986,1.36998,,1396635901.616,22.035,1.3698,1.36991
1396635909.112,12.53,1.36986,1.36997,,1396635901.676,64.106,1.36981,1.36991
1396635909.96,11.723,1.36986,1.36997,,1396635906.813,12.468,1.36982,1.36993
1396635920.413,11.147,1.36985,1.36997,,1396635906.831,94.844,1.36982,1.36996
1396635920.524,12.05,1.36983,1.36994,,1396635906.915,112.044,1.36983,1.36996
1396635920.718,11.46,1.36981,1.36992,,1396635907.121,13.924,1.36984,1.36995
1396635920.814,15.863,1.36982,1.36992,,1396635908.811,14.893,1.36983,1.36996
1396635920.918,11.732,1.36981,1.36993,,1396635908.934,14.035,1.36986,1.36998
1396635921.008,14.052,1.36982,1.36993,,1396635909.112,13.383,1.36986,1.36997
1396635921.122,11.714,1.36982,1.36992,,1396635909.96,12.587,1.36986,1.36997
1396635921.461,11.484,1.36981,1.36992,,1396635920.413,12.038,1.36985,1.36997
1396635923.88,11.56,1.36983,1.36993,,1396635920.524,13.449,1.36983,1.36994
1396635926.538,14.972,1.36983,1.36993,,1396635920.718,11.845,1.36981,1.36992
1396635931.217,21.632,1.36985,1.36996,,1396635920.814,17.268,1.36982,1.36992
1396635931.518,18.96,1.36985,1.36998,,1396635920.918,13.389,1.36981,1.36993
1396635931.721,11.228,1.36985,1.36996,,1396635921.008,22.219,1.36982,1.36993
1396635936.623,15.288,1.36984,1.36996,,1396635921.122,12.717,1.36982,1.36992
1396635936.715,12.425,1.36981,1.36994,,1396635921.461,11.783,1.36981,1.36992
1396635936.727,20.518,1.36978,1.36991,,1396635923.88,12.715,1.36983,1.36993
1396635936.802,12.42,1.36978,1.3699,,1396635926.538,16.523,1.36983,1.36993
1396635937.013,11.659,1.36979,1.36989,,1396635931.217,21.086,1.36985,1.36996
1396635937.311,11.552,1.36979,1.36991,,1396635931.518,19.108,1.36985,1.36998
1396635937.611,11.028,1.36979,1.3699,,1396635931.721,11.065,1.36985,1.36996
1396635939.111,12.315,1.36979,1.36991,,1396635936.623,15.207,1.36984,1.36996
1396635942.411,12.823,1.3698,1.3699,,1396635936.715,20.932,1.36981,1.36994
1396635943.311,11.376,1.36979,1.36991,,1396635936.727,110.033,1.36978,1.36991
1396635945.811,11.301,1.3698,1.3699,,1396635936.802,133.947,1.36978,1.3699
1396635956.012,13.217,1.36979,1.36991,,1396635937.013,26.044,1.36979,1.36989
1396635963.718,12.984,1.36976,1.3699,,1396635937.311,11.901,1.36979,1.36991
1396635963.86,11.665,1.36976,1.36988,,1396635937.611,12.153,1.36979,1.3699
1396635964.334,13.543,1.36976,1.36986,,1396635939.111,12.872,1.36979,1.36991
1396635964.983,12.318,1.36975,1.36987,,1396635942.411,11.178,1.3698,1.3699
1396635980.712,12.931,1.36976,1.36986,,1396635943.311,11.328,1.36979,1.36991
1396636023.071,15.005,1.36974,1.36984,,1396635945.811,12.344,1.3698,1.3699
1396636028.067,11.937,1.36976,1.36986,,1396635956.012,12.706,1.36979,1.36991
1396636031.305,11.92,1.36974,1.36986,,1396635963.718,12.993,1.36976,1.3699
1396636031.413,12.728,1.36973,1.36984,,1396635963.86,12.457,1.36976,1.36988
1396636031.909,13.246,1.36975,1.36984,,1396635964.334,13.964,1.36976,1.36986
1396636032,11.669,1.36973,1.36984,,1396635964.983,12.412,1.36975,1.36987
1396636032.211,12.277,1.36972,1.36982,,1396635980.712,13.713,1.36976,1.36986
1396636045.337,12.041,1.36971,1.36982,,1396636023.071,16.442,1.36974,1.36984
1396636045.452,14.89,1.36971,1.36981,,1396636028.067,13.071,1.36976,1.36986
1396636045.721,12.17,1.36972,1.36981,,1396636031.305,12.469,1.36974,1.36986
1396636045.722,26.692,1.36971,1.36982,,1396636031.413,13.178,1.36973,1.36984
1396636048.725,12.965,1.36973,1.36985,,1396636031.909,12.689,1.36975,1.36984
1396636048.952,20.318,1.36971,1.36983,,1396636032,21.381,1.36973,1.36984
1396636049.113,11.224,1.36972,1.36982,,1396636032.211,13.245,1.36972,1.36982
1396636049.194,13.394,1.36971,1.36983,,1396636045.337,13.074,1.36971,1.36982
1396636049.926,11.38,1.36972,1.36983,,1396636045.452,16.46,1.36971,1.36981
1396636050.041,13.163,1.36972,1.36982,,1396636045.721,12.748,1.36972,1.36981
1396636052.803,12.424,1.36972,1.36981,,1396636045.722,111.72,1.36971,1.36982
1396636053.414,16.847,1.36972,1.36982,,1396636048.725,13.937,1.36973,1.36985
1396636061.948,11.973,1.36971,1.36984,,1396636048.952,19.011,1.36971,1.36983
1396636062.013,11.52,1.36972,1.36984,,1396636049.113,12.302,1.36972,1.36982
1396636062.312,11.633,1.36973,1.36982,,1396636049.194,31.581,1.36971,1.36983
1396636070.978,12.089,1.36971,1.36982,,1396636049.926,13.044,1.36972,1.36983
1396636079.737,11.894,1.36971,1.36982,,1396636050.041,14.319,1.36972,1.36982
1396636089.411,13.241,1.36973,1.36982,,1396636052.803,12.412,1.36972,1.36981
1396636097.287,14.367,1.36973,1.36981,,1396636053.414,17.934,1.36972,1.36982
1396636097.993,11.977,1.36972,1.36982,,1396636061.948,12.742,1.36971,1.36984
1396636097.999,26.052,1.36971,1.36983,,1396636062.013,50.18,1.36972,1.36984
1396636098.111,12.219,1.36971,1.36982,,1396636062.312,12.178,1.36973,1.36982
1396636102.779,11.778,1.3697,1.36982,,1396636070.978,13.705,1.36971,1.36982
1396636114.713,11.357,1.36972,1.36983,,1396636079.737,12.7,1.36971,1.36982
1396636115.222,12.619,1.36975,1.36986,,1396636089.411,14.085,1.36973,1.36982
1396636122.415,13.756,1.36976,1.36989,,1396636097.287,15.304,1.36973,1.36981
1396636122.467,12.041,1.36979,1.36992,,1396636097.993,12.535,1.36972,1.36982
1396636122.515,11.943,1.36979,1.36991,,1396636097.999,107.659,1.36971,1.36983
1396636123.657,11.684,1.3698,1.3699,,1396636098.111,96.386,1.36971,1.36982
1396636133.03,12.439,1.36979,1.36991,,1396636102.779,13.285,1.3697,1.36982
1396636133.113,11.725,1.36979,1.3699,,1396636114.713,12.788,1.36972,1.36983
1396636133.307,12.59,1.36979,1.36988,,1396636115.222,13.48,1.36975,1.36986
1396636133.329,13.294,1.36978,1.36989,,1396636122.415,14.577,1.36976,1.36989
1396636135.113,13.303,1.36979,1.36988,,1396636122.467,61.406,1.36979,1.36992
1396636135.522,18.946,1.36979,1.3699,,1396636122.515,113.804,1.36979,1.36991
1396636136.311,11.62,1.36979,1.36991,,1396636123.657,12.485,1.3698,1.3699
1396636153.555,13.185,1.36979,1.3699,,1396636133.03,13.985,1.36979,1.36991
1396636153.623,17.691,1.36976,1.36987,,1396636133.113,28.437,1.36979,1.3699
1396636154.914,14.559,1.36976,1.36988,,1396636133.307,12.102,1.36979,1.36988
1396636155.223,16.409,1.36976,1.36986,,1396636133.329,91.4,1.36978,1.36989
1396636158.093,20.82,1.36974,1.36986,,1396636135.113,12.86,1.36979,1.36988
1396636158.115,37.902,1.36975,1.36986,,1396636135.522,14.881,1.36979,1.3699
1396636158.257,12.423,1.36973,1.36986,,1396636136.311,12.833,1.36979,1.36991
1396636158.33,11.575,1.36974,1.36986,,1396636153.555,14.49,1.36979,1.3699
1396636158.526,12.651,1.36975,1.36986,,1396636153.623,44.49,1.36976,1.36987
1396636159.446,13.301,1.36975,1.36985,,1396636154.914,14.776,1.36976,1.36988
1396636159.515,12.533,1.36977,1.36988,,1396636155.223,17.264,1.36976,1.36986
1396636159.518,31.747,1.36976,1.36989,,1396636158.093,21.813,1.36974,1.36986
1396636159.615,12.048,1.36976,1.36988,,1396636158.115,93.791,1.36975,1.36986
1396636159.805,12.54,1.36976,1.36989,,1396636158.257,53.446,1.36973,1.36986
1396636160.119,11.906,1.36976,1.36988,,1396636158.33,78.073,1.36974,1.36986
1396636162.012,20.233,1.36979,1.36988,,1396636158.526,13.399,1.36975,1.36986
1396636163.421,15.538,1.36979,1.36989,,1396636159.446,13.67,1.36975,1.36985
1396636165.115,12.204,1.36978,1.36989,,1396636159.515,47.057,1.36977,1.36988
1396636165.115,30.362,1.36977,1.3699,,1396636159.518,143.281,1.36976,1.36989
1396636165.214,11.866,1.36976,1.36988,,1396636159.615,48.657,1.36976,1.36988
1396636165.412,12.985,1.36979,1.3699,,1396636159.805,12.665,1.36976,1.36989
1396636175.381,13.838,1.36979,1.3699,,1396636160.119,12.423,1.36976,1.36988
1396636194.007,12.696,1.36979,1.36991,,1396636162.012,19.128,1.36979,1.36988
1396636210.056,11.792,1.36979,1.36991,,1396636163.421,16.962,1.36979,1.36989
1396636212.189,11.85,1.36982,1.36992,,1396636165.115,13.725,1.36978,1.36989
1396636216.473,14.054,1.36981,1.36993,,1396636165.115,112.075,1.36977,1.3699
1396636216.715,12.93,1.36979,1.36991,,1396636165.214,114.183,1.36976,1.36988
1396636216.722,21.809,1.36977,1.36989,,1396636165.412,16.757,1.36979,1.3699
1396636219.635,12.197,1.36976,1.36987,,1396636175.381,14.797,1.36979,1.3699
1396636220.52,12.072,1.36976,1.36988,,1396636194.007,13.342,1.36979,1.36991
1396636220.82,12.243,1.36978,1.36988,,1396636210.056,12.936,1.36979,1.36991
1396636221.952,12.425,1.36978,1.36989,,1396636212.189,28.238,1.36982,1.36992
1396636222.784,11.163,1.36979,1.36988,,1396636216.473,15.141,1.36981,1.36993
1396636225.614,11.634,1.3698,1.36991,,1396636216.715,13.28,1.36979,1.36991
1396636225.62,22.055,1.3698,1.36992,,1396636216.722,106.966,1.36977,1.36989
1396636225.812,11.539,1.36981,1.36992,,1396636219.635,13.003,1.36976,1.36987
1396636227.515,17.098,1.36978,1.3699,,1396636220.52,12.022,1.36976,1.36988
1396636227.613,13.784,1.36976,1.36987,,1396636220.82,13.161,1.36978,1.36988
1396636230.322,15.282,1.36978,1.36989,,1396636221.952,12.656,1.36978,1.36989
1396636230.411,12.303,1.36978,1.36988,,1396636222.784,12.617,1.36979,1.36988
1396636233.722,14.309,1.36979,1.36988,,1396636225.614,12.525,1.3698,1.36991
1396636239.558,15.509,1.36979,1.36989,,1396636225.62,106.73,1.3698,1.36992
1396636239.808,11.922,1.36981,1.36991,,1396636225.812,16.014,1.36981,1.36992
1396636239.811,25.701,1.3698,1.36991,,1396636227.515,18.667,1.36978,1.3699
1396636239.853,11.986,1.36982,1.36993,,1396636227.613,15.878,1.36976,1.36987
1396636244.527,14.485,1.36981,1.36993,,1396636230.322,12.538,1.36978,1.36989
1396636247.516,12.486,1.36979,1.36991,,1396636230.411,24.291,1.36978,1.36988
1396636247.523,20.641,1.36978,1.36991,,1396636233.722,12.884,1.36979,1.36988
1396636247.547,12.675,1.36979,1.36991,,1396636239.558,101.63,1.36979,1.36989
1396636248.056,13.094,1.36979,1.3699,,1396636239.808,13.495,1.36981,1.36991
1396636248.062,24.523,1.36978,1.3699,,1396636239.811,110.348,1.3698,1.36991
1396636248.353,13.728,1.36979,1.3699,,1396636239.853,70.865,1.36982,1.36993
1396636248.513,12.353,1.36977,1.36987,,1396636244.527,16.14,1.36981,1.36993
1396636248.525,15.825,1.36978,1.36989,,1396636247.516,13.708,1.36979,1.36991
1396636259.832,15.481,1.36977,1.36989,,1396636247.523,105.927,1.36978,1.36991
1396636260.054,12.052,1.36976,1.36986,,1396636247.547,83.702,1.36979,1.36991
1396636260.112,12.994,1.36975,1.36987,,1396636248.056,13.718,1.36979,1.3699
1396636261.016,12.033,1.36973,1.36985,,1396636248.062,107.499,1.36978,1.3699
1396636299.069,17.114,1.36977,1.36986,,1396636248.353,15.098,1.36979,1.3699
1396636299.072,243.643,1.36976,1.36987,,1396636248.513,14.476,1.36977,1.36987
1396636304.821,11.419,1.36978,1.3699,,1396636248.522,104.201,1.36979,1.36989
1396636305.911,13.258,1.36977,1.36987,,1396636248.525,102.636,1.36978,1.36989
1396636345.811,12.087,1.36978,1.36986,,1396636259.832,16.955,1.36977,1.36989
1396636347.212,12.886,1.36977,1.36987,,1396636260.054,12.86,1.36976,1.36986
1396636352.111,18.912,1.36977,1.36988,,1396636260.112,54.821,1.36975,1.36987
1396636354.623,11.28,1.36975,1.36986,,1396636261.016,13.209,1.36973,1.36985
1396636359.016,12.093,1.36977,1.36987,,1396636299.069,18.639,1.36977,1.36986
1396636359.029,15.921,1.36979,1.36989,,1396636299.072,109.53,1.36976,1.36987
1396636359.725,14.062,1.36977,1.36988,,1396636304.821,12.552,1.36978,1.3699
1396636364.434,11.979,1.36977,1.36987,,1396636305.911,14.168,1.36977,1.36987
1396636367.552,13.424,1.36977,1.36988,,1396636345.811,12.124,1.36978,1.36986
1396636371.875,13.711,1.36977,1.36989,,1396636347.212,13.503,1.36977,1.36987
1396636371.913,15.377,1.36979,1.36991,,1396636352.111,104.486,1.36977,1.36988
1396636372.025,12.636,1.36981,1.36993,,1396636354.623,49.143,1.36975,1.36986
1396636372.216,12.723,1.36983,1.36994,,1396636359.016,12.93,1.36977,1.36987
1396636372.622,12.418,1.36985,1.36996,,1396636359.029,99.76,1.36979,1.36989
1396636372.741,11.546,1.36988,1.36999,,1396636359.725,12.606,1.36977,1.36988
1396636372.883,12.263,1.36988,1.37,,1396636364.434,12.139,1.36977,1.36987
1396636373.222,14.285,1.36988,1.36999,,1396636367.552,13.001,1.36977,1.36988
1396636374.614,12.729,1.36987,1.36999,,1396636371.875,14.462,1.36977,1.36989
1396636374.616,28.772,1.36985,1.37,,1396636371.913,76.637,1.36979,1.36991
1396636374.656,21.726,1.36983,1.36997,,1396636372.025,63.598,1.36981,1.36993
1396636374.986,11.979,1.36983,1.36995,,1396636372.216,85.596,1.36983,1.36994
1396636375.211,12.362,1.36984,1.36994,,1396636372.622,12.869,1.36985,1.36996
1396636375.636,12.899,1.36986,1.36996,,1396636372.741,13.145,1.36988,1.36999
1396636375.714,12.494,1.36985,1.36997,,1396636372.883,11.821,1.36988,1.37
1396636382.024,12.343,1.36983,1.36994,,1396636373.222,15.284,1.36988,1.36999
1396636386.818,12.188,1.36984,1.36996,,1396636374.614,62.236,1.36987,1.36999
1396636390.805,12.275,1.36984,1.36995,,1396636374.616,62.435,1.36985,1.37
1396636390.837,12.946,1.36982,1.36993,,1396636374.632,148.771,1.36982,1.36997
1396636390.893,12.329,1.36983,1.36993,,1396636374.656,127.251,1.36983,1.36997
1396636391.935,14.7,1.36981,1.36991,,1396636374.986,13.206,1.36983,1.36995
1396636392.312,914.817,1.36979,1.36989,,1396636375.211,13.093,1.36984,1.36994
1396636410.771,14.839,1.36981,1.36991,,1396636375.636,13.177,1.36986,1.36996
1396636411.043,19.186,1.36981,1.36992,,1396636375.714,35.234,1.36985,1.36997
1396636411.513,12.834,1.3698,1.36989,,1396636382.024,13.797,1.36983,1.36994
1396636412.595,13.382,1.36979,1.36991,,1396636386.818,13.936,1.36984,1.36996
1396636412.807,12.807,1.36982,1.36993,,1396636390.805,13.961,1.36984,1.36995
1396636412.858,12.182,1.36982,1.36995,,1396636390.837,81.591,1.36982,1.36993
1396636413.079,14.979,1.36984,1.36995,,1396636390.893,125.244,1.36983,1.36993
1396636414.424,13.448,1.36986,1.36995,,1396636391.935,15.665,1.36981,1.36991
1396636414.605,11.941,1.36985,1.36996,,1396636392.014,34.356,1.36981,1.36992
1396636414.911,12.304,1.36983,1.36997,,1396636392.312,16.191,1.36979,1.36989
1396636415.083,13.881,1.36982,1.36994,,1396636410.771,16.446,1.36981,1.36991
1396636415.21,12.606,1.36983,1.36994,,1396636411.043,18.587,1.36981,1.36992
1396636423.019,22.965,1.36983,1.36996,,1396636411.513,13.531,1.3698,1.36989
1396636423.032,32.927,1.36986,1.36999,,1396636412.595,14.89,1.36979,1.36991
1396636423.116,13.522,1.36986,1.36998,,1396636412.807,13.588,1.36982,1.36993
1396636427.419,14.262,1.36988,1.36998,,1396636412.858,62.213,1.36982,1.36995
1396636435.219,12.597,1.36988,1.36999,,1396636413.079,15.819,1.36984,1.36995
1396636437.716,13.235,1.36988,1.37,,1396636414.424,14.993,1.36986,1.36995
1396636442.521,12.211,1.36989,1.36999,,1396636414.605,73.919,1.36985,1.36996
1396636445.373,12.994,1.36989,1.37,,1396636414.911,12.88,1.36983,1.36997
1396636445.612,12.18,1.3699,1.36999,,1396636415.083,13.417,1.36982,1.36994
1396636451.479,12.112,1.3699,1.36999,,1396636415.21,13.459,1.36983,1.36994
1396636468.811,13.063,1.36988,1.37,,1396636423.019,23.744,1.36983,1.36996
1396636468.912,14.847,1.36988,1.36999,,1396636423.032,102.027,1.36986,1.36999
1396636469.71,13.226,1.36989,1.36998,,1396636423.116,125.606,1.36986,1.36998
1396636473.122,12.34,1.36988,1.36999,,1396636427.419,15.426,1.36988,1.36998
1396636476.424,15.367,1.36988,1.36997,,1396636435.219,12.111,1.36988,1.36999
1396636476.536,15.288,1.36986,1.36997,,1396636437.716,13.946,1.36988,1.37
1396636476.582,12.201,1.36983,1.36997,,1396636442.521,13.961,1.36989,1.36999
1396636476.624,15.667,1.3698,1.36995,,1396636445.373,13.151,1.36989,1.37
1396636476.647,13.059,1.36977,1.36992,,1396636445.612,13.289,1.3699,1.36999
1396636476.715,12.391,1.36978,1.36992,,1396636451.479,13.048,1.3699,1.36999
1396636476.803,24.725,1.36978,1.36991,,1396636468.811,13.463,1.36988,1.37
1396636477.013,12.738,1.36979,1.3699,,1396636468.912,16.102,1.36988,1.36999
1396636478.21,12.427,1.3698,1.36989,,1396636469.71,13.028,1.36989,1.36998
1396636479.963,13.711,1.36978,1.36989,,1396636473.122,13.172,1.36988,1.36999
1396636480.117,18.336,1.36981,1.36992,,1396636476.424,17.137,1.36988,1.36997
1396636481.764,14.796,1.3698,1.36989,,1396636476.536,13.481,1.36986,1.36997
1396636483.407,12.663,1.36979,1.3699,,1396636476.582,69.364,1.36983,1.36997
1396636485.012,12.191,1.36982,1.36991,,1396636476.624,126.32,1.3698,1.36995
1396636486.313,13.901,1.36981,1.36992,,1396636476.647,104.833,1.36977,1.36992
1396636488.929,17.195,1.36983,1.36994,,1396636476.715,38.512,1.36978,1.36992
1396636490.522,12.247,1.36986,1.36996,,1396636476.803,46.695,1.36978,1.36991
1396636490.546,15.095,1.36985,1.36997,,1396636477.013,13.82,1.36979,1.3699
1396636490.619,16.342,1.36987,1.36999,,1396636478.21,12.87,1.3698,1.36989
1396636492.174,13.049,1.36989,1.36999,,1396636479.963,15.21,1.36978,1.36989
1396636492.176,28.701,1.36988,1.37,,1396636480.117,20.027,1.36981,1.36992
1396636492.521,12.133,1.36989,1.36999,,1396636481.764,13.061,1.3698,1.36989
1396636492.528,21.081,1.36988,1.37,,1396636483.407,12.931,1.36979,1.3699
1396636493.194,14.355,1.36988,1.36999,,1396636485.012,12.688,1.36982,1.36991
1396636497.018,12.236,1.36988,1.36998,,1396636486.313,13.417,1.36981,1.36992
1396636497.643,12.073,1.36989,1.36998,,1396636488.929,17.982,1.36983,1.36994
1396636502.512,12.617,1.36989,1.37,,1396636490.522,13.808,1.36986,1.36996
1396636505.547,14.017,1.36991,1.37002,,1396636490.546,3488.155,1.36985,1.36997
1396636505.625,15.762,1.36993,1.37003,,1396636490.619,3430.375,1.36987,1.36999
1396636505.627,31.339,1.36992,1.37004,,1396636492.174,1878.137,1.36989,1.36999
1396636505.674,16.149,1.36993,1.37004,,1396636492.176,1877.609,1.36988,1.37
1396636505.808,11.863,1.36993,1.37005,,1396636492.521,1534.914,1.36989,1.36999
1396636505.879,13.036,1.36993,1.37004,,1396636492.528,1529.503,1.36988,1.37
1396636506.111,12.78,1.36993,1.37002,,1396636493.194,865.425,1.36988,1.36999
1396636506.124,15.99,1.36992,1.37002,,1396636497.018,13.581,1.36988,1.36998
1396636506.826,13.797,1.3699,1.37001,,1396636497.643,12.844,1.36989,1.36998
1396636512.621,14.943,1.36989,1.36999,,1396636502.512,13.957,1.36989,1.37
1396636513.025,16.834,1.36989,1.36999,,1396636505.547,15.115,1.36991,1.37002
1396636513.693,18.726,1.36989,1.36998,,1396636505.625,36.27,1.36993,1.37003
1396636515.519,11.796,1.36989,1.36999,,1396636505.627,135.903,1.36992,1.37004
1396636526.417,12.197,1.36989,1.37,,1396636505.674,90.599,1.36993,1.37004
1396636545.893,20.305,1.36987,1.36999,,1396636505.808,55.689,1.36993,1.37005
1396636546.167,13.354,1.36985,1.36997,,1396636505.879,85.307,1.36993,1.37004
1396636549.729,11.678,1.36985,1.36997,,1396636506.111,13.478,1.36993,1.37002
1396636551.211,12.513,1.36986,1.36996,,1396636506.124,100.579,1.36992,1.37002
1396636551.478,13.896,1.36987,1.36995,,1396636506.826,14.755,1.3699,1.37001
1396636552.893,13.304,1.36984,1.36996,,1396636512.621,15.337,1.36989,1.36999
1396636553.331,16.915,1.36983,1.36994,,1396636513.025,17.665,1.36989,1.36999
1396636553.424,15.867,1.36981,1.36992,,1396636513.693,19.194,1.36989,1.36998
1396636553.516,15.682,1.36981,1.36991,,1396636515.519,13.536,1.36989,1.36999
1396636553.525,29.013,1.3698,1.36992,,1396636526.417,13.266,1.36989,1.37
1396636553.662,12.95,1.36979,1.3699,,1396636545.893,21.262,1.36987,1.36999
1396636558.312,18.629,1.36982,1.36993,,1396636546.167,12.866,1.36985,1.36997
1396636558.32,28.253,1.36984,1.36995,,1396636549.729,12.415,1.36985,1.36997
1396636579.715,11.786,1.36986,1.36997,,1396636551.211,13.188,1.36986,1.36996
1396636580.064,15.403,1.36988,1.36996,,1396636551.478,12.542,1.36987,1.36995
1396636581.943,12.996,1.36987,1.36997,,1396636552.893,12.551,1.36984,1.36996
1396636593.436,12.811,1.36986,1.36998,,1396636553.331,18.449,1.36983,1.36994
1396636597.997,12.25,1.36986,1.36998,,1396636553.424,26.029,1.36981,1.36992
1396636598.446,12.572,1.36986,1.36996,,1396636553.516,29.266,1.36981,1.36991
1396636599.906,15.186,1.36985,1.36996,,1396636553.525,119.174,1.3698,1.36992
1396636599.922,15.581,1.36984,1.36996,,1396636553.662,82.124,1.36979,1.3699
1396636601.104,12.689,1.36984,1.36996,,1396636558.312,20.044,1.36982,1.36993
1396636607.56,12.74,1.36981,1.36993,,1396636558.32,105.934,1.36984,1.36995
1396636607.564,27.108,1.3698,1.36994,,1396636579.715,12.655,1.36986,1.36997
1396636607.61,12.397,1.36981,1.36994,,1396636580.064,12.299,1.36988,1.36996
1396636607.723,14.56,1.36978,1.36991,,1396636581.943,12.765,1.36987,1.36997
1396636607.912,24.8,1.36979,1.3699,,1396636593.436,13.09,1.36986,1.36998
1396636614.132,16.924,1.3698,1.36994,,1396636597.997,12.146,1.36986,1.36998
1396636614.224,13.383,1.3698,1.36995,,1396636598.446,13.618,1.36986,1.36996
1396636614.299,12.24,1.3698,1.36994,,1396636599.906,15.783,1.36985,1.36996
1396636614.489,13.077,1.36981,1.36993,,1396636599.922,96.677,1.36984,1.36996
1396636614.555,12.212,1.3698,1.36994,,1396636601.104,13.297,1.36984,1.36996
1396636614.638,12.83,1.36981,1.36994,,1396636607.56,13.37,1.36981,1.36993
1396636616.536,15.216,1.36982,1.36992,,1396636607.564,108.574,1.3698,1.36994
1396636621.514,12.394,1.36981,1.36993,,1396636607.61,64.354,1.36981,1.36994
1396636622.016,12.753,1.36984,1.36995,,1396636607.723,52.28,1.36978,1.36991
1396636629.312,13.132,1.36984,1.36994,,1396636607.912,25.906,1.36979,1.3699
1396636632.055,13.81,1.36986,1.36996,,1396636614.132,18.045,1.3698,1.36994
1396636632.121,19.338,1.36986,1.36998,,1396636614.224,24.554,1.3698,1.36995
1396636632.298,16.538,1.36988,1.36998,,1396636614.299,53.157,1.3698,1.36994
1396636633.792,12.792,1.36987,1.36999,,1396636614.489,13.187,1.36981,1.36993
1396636633.887,13.193,1.36986,1.36997,,1396636614.555,48.025,1.3698,1.36994
1396636639.016,13.304,1.36985,1.36997,,1396636614.638,66.114,1.36981,1.36994
1396636640.412,13.28,1.36986,1.36996,,1396636616.536,14.508,1.36982,1.36992
1396636644.719,14.077,1.36986,1.36995,,1396636621.514,13.09,1.36981,1.36993
1396636646.32,14.196,1.36985,1.36995,,1396636622.016,12.923,1.36984,1.36995
1396636646.415,13.559,1.36984,1.36995,,1396636629.312,14.238,1.36984,1.36994
1396636646.514,16.437,1.36979,1.36993,,1396636632.055,14.539,1.36986,1.36996
1396636646.625,12.892,1.3698,1.36992,,1396636632.121,146.447,1.36986,1.36998
1396636646.748,13.07,1.36981,1.36992,,1396636632.298,70.321,1.36988,1.36998
1396636647.31,13.088,1.36981,1.36991,,1396636633.792,12.7,1.36987,1.36999
1396636647.418,17.098,1.3698,1.36992,,1396636633.887,17.647,1.36986,1.36997
1396636648.059,13.439,1.36981,1.36991,,1396636639.016,15.01,1.36985,1.36997
1396636650.899,12.188,1.36979,1.36993,,1396636640.412,13.148,1.36986,1.36996
1396636650.917,15.488,1.36982,1.36996,,1396636644.719,15.066,1.36986,1.36995
1396636650.948,11.784,1.36984,1.36997,,1396636646.32,15.794,1.36985,1.36995
1396636651.212,11.894,1.36985,1.36996,,1396636646.415,17.465,1.36984,1.36995
1396636658.55,13.487,1.36983,1.36994,,1396636646.433,1213.922,1.36981,1.36993
1396636658.589,12.776,1.36982,1.36994,,1396636646.514,1135.179,1.36979,1.36993
1396636658.615,12.895,1.36981,1.36994,,1396636646.625,1025.902,1.3698,1.36992
1396636658.617,27.447,1.36979,1.36995,,1396636646.748,904.358,1.36981,1.36992
1396636658.66,11.878,1.36979,1.36994,,1396636647.31,345.411,1.36981,1.36991
1396636658.814,12.924,1.36977,1.36991,,1396636647.418,239.548,1.3698,1.36992
1396636658.872,13.407,1.36978,1.36991,,1396636648.059,13.3,1.36981,1.36991
1396636658.983,12.656,1.36978,1.3699,,1396636650.899,12.808,1.36979,1.36993
1396636667.725,15.648,1.36976,1.36987,,1396636650.917,95.022,1.36982,1.36996
1396636668.008,12.015,1.36976,1.36987,,1396636650.948,66.655,1.36984,1.36997
1396636668.529,12.151,1.36974,1.36985,,1396636651.212,12.488,1.36985,1.36996
1396636668.711,15.557,1.36975,1.36985,,1396636658.55,14.956,1.36983,1.36994
1396636672.765,16.504,1.36975,1.36986,,1396636658.589,74.007,1.36982,1.36994
1396636673.112,11.735,1.36976,1.36985,,1396636658.615,150.027,1.36981,1.36994
1396636684.009,13.089,1.36976,1.36985,,1396636658.617,150.501,1.36979,1.36995
1396636693.705,12.006,1.36976,1.36986,,1396636658.66,109.424,1.36979,1.36994
1396636697.746,12.539,1.36976,1.36988,,1396636658.814,49.612,1.36977,1.36991
1396636697.762,12.864,1.36976,1.3699,,1396636658.872,93.478,1.36978,1.36991
1396636697.806,14.881,1.36978,1.36992,,1396636658.983,82.869,1.36978,1.3699
1396636697.814,25.743,1.36978,1.36993,,1396636667.725,16.179,1.36976,1.36987
1396636697.832,23.484,1.36981,1.36996,,1396636668.008,12.969,1.36976,1.36987
1396636697.914,13.128,1.36982,1.36996,,1396636668.529,12.522,1.36974,1.36985
1396636698.015,12.16,1.36983,1.36996,,1396636668.711,17.18,1.36975,1.36985
1396636698.114,13.382,1.36983,1.36995,,1396636672.765,18.115,1.36975,1.36986
1396636698.223,11.973,1.36983,1.36994,,1396636673.112,12.722,1.36976,1.36985
1396636699.018,12.505,1.36983,1.36994,,1396636684.009,13.323,1.36976,1.36985
1396636703.014,12.644,1.36986,1.36996,,1396636693.705,12.978,1.36976,1.36986
1396636703.048,12.375,1.36986,1.36998,,1396636697.746,13.44,1.36976,1.36988
1396636703.214,11.79,1.36986,1.36997,,1396636697.762,97.502,1.36976,1.3699
1396636703.804,11.941,1.36987,1.36999,,1396636697.806,153.714,1.36978,1.36992
1396636706.303,15.993,1.36987,1.36998,,1396636697.814,147.638,1.36978,1.36993
1396636713.718,12.837,1.36985,1.36999,,1396636697.832,131.637,1.36981,1.36996
1396636713.847,12.945,1.36985,1.36998,,1396636697.914,51.502,1.36982,1.36996
1396636713.913,15.397,1.36985,1.36997,,1396636698.015,44.223,1.36983,1.36996
1396636714.06,13.464,1.36984,1.36994,,1396636698.114,43.779,1.36983,1.36995
1396636714.159,15.036,1.36981,1.36992,,1396636698.223,35.793,1.36983,1.36994
1396636714.297,13.532,1.36981,1.36991,,1396636699.018,12.465,1.36983,1.36994
1396636715.323,17.681,1.36979,1.36991,,1396636703.014,13.086,1.36986,1.36996
1396636715.72,12.129,1.3698,1.36989,,1396636703.048,79.74,1.36986,1.36998
1396636735.028,13.112,1.3698,1.36992,,1396636703.214,13.636,1.36986,1.36997
1396636735.046,12.893,1.36982,1.36993,,1396636703.804,12.656,1.36987,1.36999
1396636736.03,24.291,1.36983,1.36993,,1396636706.303,17.08,1.36987,1.36998
1396636736.203,13.612,1.36984,1.36992,,1396636713.718,13.533,1.36985,1.36999
1396636738.587,12.21,1.36982,1.36994,,1396636713.847,13.268,1.36985,1.36998
1396636740.111,14.219,1.36983,1.36993,,1396636713.913,48.109,1.36985,1.36997
1396636741.514,14.228,1.36985,1.36994,,1396636714.06,13.766,1.36984,1.36994
1396636741.516,32.419,1.36982,1.36996,,1396636714.159,15.922,1.36981,1.36992
1396636741.584,11.993,1.36984,1.36997,,1396636714.297,14.151,1.36981,1.36991
1396636741.714,13.685,1.36986,1.36998,,1396636715.323,18.725,1.36979,1.36991
1396636741.956,15.038,1.36988,1.37,,1396636715.72,12.742,1.3698,1.36989
1396636743.322,14.644,1.36988,1.36999,,1396636735.028,13.677,1.3698,1.36992
1396636744.435,16.177,1.36989,1.36998,,1396636735.046,95.987,1.36982,1.36993
1396636751.854,14.735,1.36989,1.36999,,1396636736.03,16.3,1.36983,1.36993
1396636751.858,33.388,1.36989,1.37,,1396636736.203,13.495,1.36984,1.36992
1396636752.43,13.206,1.36988,1.37,,1396636738.587,12.822,1.36982,1.36994
1396636752.478,12.784,1.36988,1.36999,,1396636740.111,12.789,1.36983,1.36993
1396636753.047,437.035,1.36989,1.36998,,1396636741.514,14.779,1.36985,1.36994
1396636753.232,267.75,1.36988,1.36999,,1396636741.516,111.609,1.36982,1.36996
1396636754.815,13.889,1.36987,1.36999,,1396636741.584,145.245,1.36984,1.36997
1396636754.893,12.253,1.36987,1.36998,,1396636741.714,16.858,1.36986,1.36998
1396636755.253,12.251,1.36988,1.36996,,1396636741.956,15.921,1.36988,1.37
1396636755.622,12.704,1.36987,1.36997,,1396636743.322,14.832,1.36988,1.36999
1396636756.26,14.893,1.36986,1.36998,,1396636744.435,17.666,1.36989,1.36998
1396636756.843,12.698,1.36987,1.36997,,1396636751.854,14.951,1.36989,1.36999
1396636756.918,15.162,1.36985,1.36995,,1396636751.858,1309.714,1.36989,1.37
1396636758.595,11.908,1.36986,1.36994,,1396636752.43,757.312,1.36988,1.37
1396636763.038,38.599,1.36985,1.36994,,1396636752.478,711.047,1.36988,1.36999
1396636763.305,13.256,1.36984,1.36995,,1396636753.047,536.512,1.36989,1.36998
1396636763.411,12.409,1.36985,1.36995,,1396636753.232,458.059,1.36988,1.36999
1396636764.822,13.345,1.36985,1.36996,,1396636754.815,13.558,1.36987,1.36999
1396636766.248,12.793,1.36986,1.36995,,1396636754.893,35.907,1.36987,1.36998
1396636771.042,12.622,1.36985,1.36996,,1396636755.253,12.906,1.36988,1.36996
1396636771.359,12.679,1.36987,1.36998,,1396636755.622,13.347,1.36987,1.36997
1396636771.62,13.901,1.36988,1.36997,,1396636756.26,14.565,1.36986,1.36998
1396636773.545,14.943,1.36988,1.36998,,1396636756.843,13.198,1.36987,1.36997
1396636786.804,11.871,1.3699,1.37001,,1396636756.918,37.575,1.36985,1.36995
1396636786.846,12.734,1.36992,1.37003,,1396636758.595,13.093,1.36986,1.36994
1396636787.223,13.854,1.36994,1.37003,,1396636762.803,525.13,1.36984,1.36995
1396636787.413,13.843,1.36995,1.37003,,1396636762.908,421.687,1.36985,1.36995
1396636787.718,16.239,1.36993,1.37005,,1396636763.038,294.016,1.36985,1.36994
1396636788.668,13.259,1.36995,1.37003,,1396636763.305,28.78,1.36984,1.36995
1396636788.715,12.64,1.36992,1.37004,,1396636763.411,13.066,1.36985,1.36995
1396636789.081,13.725,1.36992,1.37002,,1396636764.822,13.244,1.36985,1.36996
1396636789.126,12.838,1.36991,1.37002,,1396636766.248,13.633,1.36986,1.36995
1396636790.516,16.085,1.36991,1.37001,,1396636771.042,12.269,1.36985,1.36996
1396636790.578,13.003,1.36991,1.37002,,1396636771.359,13.782,1.36987,1.36998
1396636791.794,12.248,1.3699,1.37003,,1396636771.62,13.968,1.36988,1.36997
1396636791.804,18.665,1.3699,1.37004,,1396636773.545,15.752,1.36988,1.36998
1396636791.813,25.725,1.36991,1.37004,,1396636786.804,13.133,1.3699,1.37001
1396636792.188,11.704,1.36991,1.37002,,1396636786.846,70.152,1.36992,1.37003
1396636792.268,14.904,1.3699,1.37002,,1396636787.223,14.63,1.36994,1.37003
1396636800.614,13.621,1.3699,1.37001,,1396636787.413,14.127,1.36995,1.37003
1396636800.67,13.914,1.36988,1.36999,,1396636787.718,923.404,1.36993,1.37005
1396636801.214,13.912,1.36989,1.36999,,1396636788.668,11.78,1.36995,1.37003
1396636802.289,13.998,1.36987,1.36997,,1396636788.715,64.688,1.36992,1.37004
1396636802.41,114.765,1.36988,1.36996,,1396636789.081,15.344,1.36992,1.37002
1396636806.014,12.777,1.36986,1.36997,,1396636789.126,67.899,1.36991,1.37002
1396636806.214,18.117,1.36987,1.36996,,1396636790.516,17.105,1.36991,1.37001
1396636809.547,18.778,1.36988,1.36996,,1396636790.578,53.05,1.36991,1.37002
1396636811.065,13.28,1.36987,1.36997,,1396636791.794,13.561,1.3699,1.37003
1396636812.385,15.892,1.36989,1.36999,,1396636791.799,107.604,1.36991,1.37003
1396636812.413,15.033,1.36989,1.36998,,1396636791.804,103.414,1.3699,1.37004
1396636815.153,14.084,1.36989,1.36997,,1396636791.813,94.955,1.36991,1.37004
1396636815.722,12.428,1.36989,1.36998,,1396636792.188,27.209,1.36991,1.37002
1396636821.882,10.523,1.36989,1.36998,,1396636792.268,48.191,1.3699,1.37002
1396636824.215,13.341,1.3699,1.36997,,1396636800.614,14.835,1.3699,1.37001
1396636824.422,15.022,1.36987,1.36999,,1396636800.67,57.747,1.36988,1.36999
1396636824.515,12.882,1.36986,1.36997,,1396636801.214,14.453,1.36989,1.36999
1396636825.113,15.3,1.36988,1.36996,,1396636802.289,15.69,1.36987,1.36997
1396636825.204,13.258,1.36986,1.36997,,1396636802.312,88.318,1.36988,1.36996
1396636826.638,11.217,1.36987,1.36999,,1396636802.41,95.969,1.36988,1.36996
1396636828.724,15.253,1.36988,1.36999,,1396636806.014,14.509,1.36986,1.36997
1396636829.493,11.26,1.36989,1.36998,,1396636806.214,19.431,1.36987,1.36996
1396636829.498,21.153,1.36988,1.37,,1396636809.547,19.079,1.36988,1.36996
1396636830.612,11.13,1.36988,1.36999,,1396636811.065,14.01,1.36987,1.36997
1396636830.721,11.718,1.36989,1.36999,,1396636812.385,1212.787,1.36989,1.36999
1396636830.722,26.035,1.36988,1.36999,,1396636812.413,1199.675,1.36989,1.36998
1396636839.204,12.929,1.36988,1.36999,,1396636815.153,15.39,1.36989,1.36997
1396636840.694,11.746,1.36989,1.36999,,1396636815.722,12.564,1.36989,1.36998
1396636841.023,12.333,1.36987,1.36999,,1396636821.882,11.725,1.36989,1.36998
1396636841.274,11.561,1.36988,1.36999,,1396636824.215,14.706,1.3699,1.36997
1396636842.514,211.22,1.36989,1.36998,,1396636824.422,15.77,1.36987,1.36999
1396636848.612,11.058,1.36989,1.36999,,1396636824.515,21.824,1.36986,1.36997
1396636856.674,11.39,1.36989,1.37,,1396636825.113,16.316,1.36988,1.36996
1396636860.832,11.774,1.36991,1.37002,,1396636825.204,28.624,1.36986,1.36997
1396636860.834,34.392,1.3699,1.37003,,1396636826.638,12.931,1.36987,1.36999
1396636860.914,17.139,1.3699,1.37002,,1396636828.724,15.546,1.36988,1.36999
1396636861.113,18.353,1.36991,1.37002,,1396636829.493,12.681,1.36989,1.36998
1396636861.214,11.203,1.36992,1.37002,,1396636829.498,108.135,1.36988,1.37
1396636865.869,11.798,1.3699,1.37,,1396636830.612,12.483,1.36988,1.36999
1396636867.124,22.89,1.36987,1.36999,,1396636830.721,12.144,1.36989,1.36999
1396636867.211,14.399,1.36987,1.36998,,1396636830.722,113.557,1.36988,1.36999
1396636867.903,12.047,1.36989,1.36999,,1396636839.204,12.811,1.36988,1.36999
1396636875.712,12.21,1.36987,1.36999,,1396636840.694,12.706,1.36989,1.36999
1396636875.798,11.532,1.36988,1.36999,,1396636841.023,13.655,1.36987,1.36999
1396636876.229,12.119,1.3699,1.37001,,1396636841.274,12.724,1.36988,1.36999
1396636876.238,18.516,1.36989,1.37003,,1396636842.514,1212.343,1.36989,1.36998
1396636876.316,11.033,1.36991,1.37004,,1396636848.612,12.14,1.36989,1.36999
1396636876.328,17.67,1.36993,1.37006,,1396636856.674,12.612,1.36989,1.37
1396636876.416,13.772,1.36995,1.37007,,1396636860.832,12.572,1.36991,1.37002
1396636876.616,13.343,1.36996,1.37006,,1396636860.834,111.397,1.3699,1.37003
1396636876.812,12.607,1.36996,1.37005,,1396636860.914,136.707,1.3699,1.37002
1396636878.212,12.161,1.36996,1.37006,,1396636861.113,36.165,1.36991,1.37002
1396636878.214,27.045,1.36996,1.37008,,1396636861.214,37.668,1.36992,1.37002
1396636878.254,11.208,1.36999,1.37011,,1396636865.869,12.55,1.3699,1.37
1396636878.308,11.156,1.37001,1.37013,,1396636867.124,110.942,1.36987,1.36999
1396636878.318,20.236,1.37,1.3702,,1396636867.211,120.164,1.36987,1.36998
1396636878.335,19.472,1.37006,1.37025,,1396636867.903,12.721,1.36989,1.36999
1396636878.635,12.336,1.37006,1.37025,,1396636875.712,12.087,1.36987,1.36999
1396636878.663,12.109,1.37008,1.37024,,1396636875.798,26.625,1.36988,1.36999
1396636878.689,11.341,1.37005,1.37021,,1396636876.229,13.236,1.3699,1.37001
1396636879.213,11.056,1.37007,1.37018,,1396636876.238,107.402,1.36989,1.37003
1396636880.913,11.356,1.37006,1.37016,,1396636876.316,127.987,1.36991,1.37004
1396636884.461,11.55,1.37008,1.37018,,1396636876.328,117.703,1.36993,1.37006
1396636886.257,17.522,1.37008,1.37018,,1396636876.416,31.196,1.36995,1.37007
1396636887.239,12.873,1.37007,1.37019,,1396636876.616,14.152,1.36996,1.37006
1396636888.418,11.504,1.37008,1.37018,,1396636876.812,12.912,1.36996,1.37005
1396636892.386,11.444,1.37008,1.37019,,1396636878.212,12.429,1.36996,1.37006
1396636892.422,12.025,1.3701,1.37021,,1396636878.214,109.511,1.36996,1.37008
1396636892.431,21.976,1.37012,1.37023,,1396636878.254,72.151,1.36999,1.37011
1396636892.493,12.123,1.37015,1.37026,,1396636878.308,119.501,1.37001,1.37013
1396636892.505,15.671,1.37015,1.37026,,1396636878.311,118.184,1.36998,1.37018
1396636892.517,21.188,1.37015,1.37027,,1396636878.318,112.517,1.37,1.3702
1396636892.533,22.744,1.37017,1.3703,,1396636878.332,100.55,1.37003,1.37023
1396636892.558,14.794,1.37017,1.3703,,1396636878.335,99.295,1.37006,1.37025
1396636892.716,11.382,1.37016,1.37028,,1396636878.635,13.977,1.37006,1.37025
1396636893.213,12.362,1.37016,1.37026,,1396636878.663,84.84,1.37008,1.37024
1396636893.319,16.155,1.37016,1.37025,,1396636878.689,158.73,1.37005,1.37021
1396636894.312,11.973,1.37014,1.37026,,1396636879.213,12.096,1.37007,1.37018
1396636895.013,11.562,1.37016,1.37026,,1396636880.913,13.152,1.37006,1.37016
1396636895.922,11.939,1.37016,1.37028,,1396636884.461,12.514,1.37008,1.37018
1396636896.176,11.449,1.37018,1.37028,,1396636886.257,18.647,1.37008,1.37018
1396636897.832,12.757,1.37018,1.37029,,1396636887.239,13.206,1.37007,1.37019
1396636900.822,15.363,1.37018,1.3703,,1396636888.418,12.503,1.37008,1.37018
1396636900.89,12.063,1.3702,1.37032,,1396636892.386,12.482,1.37008,1.37019
1396636900.942,12.393,1.37018,1.3703,,1396636892.422,76.301,1.3701,1.37021
1396636902.195,12.064,1.37017,1.37028,,1396636892.431,69.268,1.37012,1.37023
1396636902.316,12.183,1.37014,1.37028,,1396636892.493,103.843,1.37015,1.37026
1396636902.676,11.032,1.37014,1.37028,,1396636892.505,92.946,1.37015,1.37026
1396636906.202,12.667,1.37017,1.37025,,1396636892.517,81.791,1.37015,1.37027
1396636906.21,20.465,1.37016,1.37025,,1396636892.533,66.521,1.37017,1.3703
1396636906.576,13.017,1.37014,1.37026,,1396636892.558,140.435,1.37017,1.3703
1396636911.329,11.849,1.37017,1.37029,,1396636892.716,83.135,1.37016,1.37028
1396636911.388,12.307,1.37017,1.37029,,1396636893.213,12.144,1.37016,1.37026
1396636913.148,10.823,1.37018,1.37028,,1396636893.319,14.061,1.37016,1.37025
1396636913.517,12.835,1.37018,1.3703,,1396636894.312,12.858,1.37014,1.37026
1396636913.624,11.138,1.3702,1.37031,,1396636895.013,12.938,1.37016,1.37026
1396636916.328,12.133,1.3702,1.37029,,1396636895.922,12.624,1.37016,1.37028
1396636917.073,13.778,1.3702,1.37029,,1396636896.176,12.244,1.37018,1.37028
1396636917.867,12.058,1.37019,1.3703,,1396636897.832,14.229,1.37018,1.37029
1396636922.507,11.561,1.37018,1.3703,,1396636900.822,16.22,1.37018,1.3703
1396636922.522,13.83,1.37015,1.37027,,1396636900.89,43.296,1.3702,1.37032
1396636922.613,11.524,1.37015,1.37026,,1396636900.942,92.52,1.37018,1.3703
1396636923.585,11.706,1.37015,1.37026,,1396636902.195,37.23,1.37017,1.37028
1396636925.718,109.664,1.37012,1.37025,,1396636902.316,17.367,1.37014,1.37028
1396636925.814,36.003,1.3701,1.37022,,1396636902.676,12.288,1.37014,1.37028
1396636925.888,12.827,1.3701,1.37021,,1396636906.202,13.554,1.37017,1.37025
1396636926.335,11.261,1.37009,1.37021,,1396636906.21,107.472,1.37016,1.37025
1396636927.986,15.6,1.3701,1.37021,,1396636906.576,12.944,1.37014,1.37026
1396636929.824,12.293,1.3701,1.37022,,1396636911.329,13.195,1.37017,1.37029
1396636929.829,26.148,1.3701,1.37023,,1396636911.388,55.138,1.37017,1.37029
1396636929.919,13.275,1.37012,1.37024,,1396636913.148,12.473,1.37018,1.37028
1396636929.932,16.316,1.37014,1.37026,,1396636913.517,14.285,1.37018,1.3703
1396636930.917,10.922,1.37015,1.37026,,1396636913.624,12.475,1.3702,1.37031
1396636930.954,20.831,1.37016,1.37026,,1396636916.328,13.239,1.3702,1.37029
1396636931.219,20.996,1.37015,1.37026,,1396636917.073,14.323,1.3702,1.37029
1396636933.251,11.002,1.37013,1.37024,,1396636917.867,12.586,1.37019,1.3703
1396636958.762,12.017,1.37013,1.37022,,1396636922.507,13.017,1.37018,1.3703
1396636961.114,13.363,1.37013,1.37021,,1396636922.522,96.379,1.37015,1.37027
1396636961.298,14.109,1.37011,1.37022,,1396636922.613,106.237,1.37015,1.37026
1396636962.212,89.848,1.37016,1.37024,,1396636923.585,12.503,1.37015,1.37026
1396636962.532,15.805,1.37015,1.37025,,1396636924.626,92.399,1.37017,1.37028
1396636968.413,13.036,1.37014,1.37026,,1396636925.68,13.261,1.37015,1.37026
1396636969.712,12.906,1.37015,1.37025,,1396636925.718,1197.62,1.37012,1.37025
1396636977.213,36.837,1.37014,1.37026,,1396636925.814,1103.042,1.3701,1.37022
1396636977.238,34.4,1.37015,1.37026,,1396636925.888,1031.035,1.3701,1.37021
1396636977.412,20.986,1.37015,1.37025,,1396636926.335,586.292,1.37009,1.37021
1396636977.45,13.962,1.37017,1.37026,,1396636927.986,17.05,1.3701,1.37021
1396636977.519,12.883,1.37016,1.37028,,1396636929.824,13.787,1.3701,1.37022
1396636977.616,11.473,1.37017,1.37028,,1396636929.829,107.153,1.3701,1.37023
1396636978.195,13.652,1.37019,1.37027,,1396636929.919,118.577,1.37012,1.37024
1396636980.928,11.716,1.37017,1.37029,,1396636929.932,106.788,1.37014,1.37026
1396636983.387,16.924,1.37017,1.37029,,1396636930.917,12.531,1.37015,1.37026
1396636989.115,20.267,1.37018,1.37031,,1396636930.954,77.754,1.37016,1.37026
1396636989.151,17.473,1.37017,1.37029,,1396636931.219,22.087,1.37015,1.37026
1396636989.315,13.963,1.3702,1.37031,,1396636933.251,12.11,1.37013,1.37024
1396636995.231,13.251,1.3702,1.37032,,1396636958.762,13.12,1.37013,1.37022
1396636995.923,14.975,1.37021,1.37031,,1396636961.114,14.361,1.37013,1.37021
1396636998.053,12.058,1.37021,1.37032,,1396636961.298,13.345,1.37011,1.37022
1396637014.162,11.702,1.37021,1.37031,,1396636961.812,1214.208,1.37013,1.37023
1396637014.169,26.706,1.37019,1.3703,,1396636961.816,1228.845,1.37012,1.37024
1396637014.261,14.549,1.37019,1.3703,,1396636962.212,836.107,1.37016,1.37024
1396637014.571,17.477,1.37019,1.37029,,1396636962.532,518.331,1.37015,1.37025
1396637014.821,16.381,1.37017,1.3703,,1396636968.413,13.864,1.37014,1.37026
1396637027.363,13.615,1.37017,1.37029,,1396636969.712,13.967,1.37015,1.37025
1396637030.363,11.878,1.37019,1.37028,,1396636977.213,111.924,1.37014,1.37026
1396637039.028,13.252,1.37021,1.3703,,1396636977.238,89.355,1.37015,1.37026
1396637044.25,13.264,1.3702,1.37032,,1396636977.412,22.808,1.37015,1.37025
1396637044.28,16.264,1.3702,1.37034,,1396636977.45,76.617,1.37017,1.37026
1396637044.472,11.879,1.37022,1.37034,,1396636977.519,107.704,1.37016,1.37028
1396637050.513,13.53,1.37025,1.37035,,1396636977.616,112.413,1.37017,1.37028
1396637051.827,15.045,1.37025,1.37035,,1396636978.195,14.497,1.37019,1.37027
1396637060.912,15.046,1.37025,1.37034,,1396636980.928,13.33,1.37017,1.37029
1396637069.123,14.928,1.37024,1.37034,,1396636983.387,16.269,1.37017,1.37029
1396637069.303,14.989,1.37021,1.37033,,1396636989.115,21.287,1.37018,1.37031
1396637069.393,11.739,1.37022,1.37033,,1396636989.151,82.317,1.37017,1.37029
1396637070.054,36.486,1.37025,1.37036,,1396636989.315,15.359,1.3702,1.37031
1396637071.245,13.163,1.37027,1.37036,,1396636995.231,14.575,1.3702,1.37032
1396637071.998,12.577,1.37026,1.37037,,1396636995.923,12.401,1.37021,1.37031
1396637072.41,12.271,1.37027,1.37036,,1396636998.053,13.132,1.37021,1.37032
1396637079.824,14.234,1.37025,1.37036,,1396637014.162,13.031,1.37021,1.37031
1396637084.04,14.589,1.37025,1.37035,,1396637014.169,107.659,1.37019,1.3703
1396637084.053,24.161,1.37023,1.37035,,1396637014.261,114.586,1.37019,1.3703
1396637084.315,12.144,1.37023,1.37034,,1396637014.571,18.768,1.37019,1.37029
1396637084.839,11.319,1.37023,1.37035,,1396637014.821,17.482,1.37017,1.3703
1396637085.668,12.017,1.37021,1.37033,,1396637027.363,1001.294,1.37017,1.37029
1396637087.041,13.297,1.37021,1.37033,,1396637030.363,13.032,1.37019,1.37028
1396637087.341,16.001,1.37019,1.37031,,1396637039.028,11.584,1.37021,1.3703
1396637087.349,34.662,1.37019,1.37032,,1396637044.25,12.026,1.3702,1.37032
1396637087.624,16.538,1.37016,1.37029,,1396637044.28,86.738,1.3702,1.37034
1396637088.219,17.133,1.37018,1.37028,,1396637044.472,12.111,1.37022,1.37034
1396637091.017,13.882,1.37017,1.37029,,1396637050.513,14.425,1.37025,1.37035
1396637092.755,11.561,1.37018,1.37028,,1396637051.827,11.74,1.37025,1.37035
1396637093.18,11.12,1.37017,1.37029,,1396637060.912,15.423,1.37025,1.37034
1396637098.251,12.42,1.37017,1.37029,,1396637069.123,15.254,1.37024,1.37034
1396637104.816,13.641,1.37018,1.37032,,1396637069.303,13.413,1.37021,1.37033
1396637104.838,13.126,1.37019,1.37032,,1396637069.393,26.999,1.37022,1.37033
1396637105.015,13.245,1.3702,1.37032,,1396637069.49,30.736,1.37022,1.37032
1396637105.314,12.306,1.37022,1.37031,,1396637069.61,12.586,1.37022,1.37034
1396637105.463,11.703,1.37021,1.37032,,1396637070.054,14,1.37025,1.37036
1396637106.396,18.047,1.37022,1.37031,,1396637071.245,14.897,1.37027,1.37036
1396637106.702,18.627,1.37022,1.37031,,1396637071.998,13.324,1.37026,1.37037
1396637109.455,14.162,1.37024,1.37033,,1396637072.41,13.931,1.37027,1.37036
1396637112.31,16.946,1.37022,1.37033,,1396637079.824,15.123,1.37025,1.37036
1396637113.669,11.717,1.37023,1.37032,,1396637084.04,15.384,1.37025,1.37035
1396637119.22,12.166,1.37023,1.37033,,1396637084.053,102.932,1.37023,1.37035
1396637128.22,15.481,1.37023,1.37035,,1396637084.315,12.02,1.37023,1.37034
1396637130.224,12.738,1.37024,1.37034,,1396637084.839,12.603,1.37023,1.37035
1396637131.719,13.627,1.37022,1.37033,,1396637085.668,13.108,1.37021,1.37033
1396637137.201,12.231,1.37023,1.37032,,1396637087.041,10.464,1.37021,1.37033
1396637157.975,14.799,1.37022,1.37033,,1396637087.341,17.573,1.37019,1.37031
1396637167.863,11.564,1.37022,1.37033,,1396637087.349,104.291,1.37019,1.37032
1396637173.122,14.514,1.37024,1.37035,,1396637087.624,18.586,1.37016,1.37029
1396637173.52,16.257,1.37024,1.37037,,1396637088.219,16.519,1.37018,1.37028
1396637173.613,16.328,1.37025,1.37037,,1396637091.017,16.422,1.37017,1.37029
1396637175.874,11.891,1.37026,1.37037,,1396637092.755,12.923,1.37018,1.37028
1396637175.984,12.174,1.37026,1.37036,,1396637093.18,11.719,1.37017,1.37029
1396637177.438,12.665,1.37025,1.37037,,1396637098.251,14.051,1.37017,1.37029
1396637177.543,11.421,1.37026,1.37037,,1396637104.816,15.288,1.37018,1.37032
1396637181.061,11.113,1.37025,1.37037,,1396637104.838,89.555,1.37019,1.37032
1396637184.726,15.619,1.37026,1.37037,,1396637105.015,14.466,1.3702,1.37032
1396637184.887,14.899,1.37026,1.37036,,1396637105.314,12.749,1.37022,1.37031
1396637185.433,12.957,1.37025,1.37037,,1396637105.463,12.649,1.37021,1.37032
1396637185.707,213.198,1.37026,1.37036,,1396637106.396,19.436,1.37022,1.37031
1396637188.129,13.048,1.37025,1.37036,,1396637106.702,17.394,1.37022,1.37031
1396637189.62,17.949,1.37023,1.37034,,1396637109.455,11.721,1.37024,1.37033
1396636195.009,665.717,0.00191,0.0099,,1396637112.31,18.515,1.37022,1.37033
1396637190.62,11.945,1.37022,1.3703,,1396637113.669,13.283,1.37023,1.37032
1396637190.622,25.083,1.37021,1.37032,,1396637119.22,13.043,1.37023,1.37033
1396637192.213,11.524,1.37021,1.37031,,1396637128.22,15.081,1.37023,1.37035
1396637203.922,11.156,1.37021,1.37032,,1396637130.224,13.35,1.37024,1.37034
1396637213.977,18.271,1.37022,1.37031,,1396637131.719,13.847,1.37022,1.37033
1396637225.734,17.091,1.37021,1.37032,,1396637137.201,87.152,1.37023,1.37032
1396637226.142,14.145,1.37022,1.37031,,1396637157.975,15.722,1.37022,1.37033
1396637229.189,12.674,1.37024,1.37033,,1396637167.863,11.9,1.37022,1.37033
1396637234.749,11.786,1.37024,1.37032,,1396637173.122,14.189,1.37024,1.37035
1396637244.72,16.511,1.37023,1.37033,,1396637173.52,16.67,1.37024,1.37037
1396637246.323,11.621,1.37024,1.37032,,1396637173.613,19.862,1.37025,1.37037
1396637254.422,11.757,1.37022,1.37032,,1396637175.874,11.755,1.37026,1.37037
1396637254.424,25.781,1.37023,1.37032,,1396637175.984,13.029,1.37026,1.37036
1396637254.976,11.85,1.37023,1.37031,,1396637177.438,13.968,1.37025,1.37037
1396637263.046,17.992,1.37022,1.37032,,1396637177.543,11.788,1.37026,1.37037
1396637263.061,24.549,1.3702,1.37032,,1396637181.061,11.686,1.37025,1.37037
1396637263.313,12.315,1.3702,1.37031,,1396637184.726,17.016,1.37026,1.37037
1396637263.327,20.325,1.37019,1.37033,,1396637184.887,11.617,1.37026,1.37036
1396637263.418,13.197,1.3702,1.37033,,1396637185.433,14.563,1.37025,1.37037
1396637263.723,14.603,1.37021,1.37032,,1396637185.707,14.306,1.37026,1.37036
1396637264.044,12.155,1.37021,1.37033,,1396637188.129,12.855,1.37025,1.37036
1396637265.357,11.62,1.37021,1.37032,,1396637189.62,14.877,1.37023,1.37034
1396637267.737,15.34,1.37021,1.37033,,1396637189.633,101.647,1.37021,1.37032
1396637271.097,13.155,1.37022,1.37033,,1396637190.62,11.592,1.37022,1.3703
1396637271.313,12.105,1.37024,1.37034,,1396637190.622,112.034,1.37021,1.37032
1396637272.817,11.679,1.37022,1.37033,,1396637192.213,27.851,1.37021,1.37031
1396637272.952,12.002,1.37022,1.37032,,1396637203.922,12.064,1.37021,1.37032
1396637288.116,18.333,1.37025,1.37035,,1396637213.977,11.503,1.37022,1.37031
1396637288.123,29.673,1.37025,1.37036,,1396637225.734,18.314,1.37021,1.37032
1396637293.038,11.474,1.37025,1.37037,,1396637226.142,15.558,1.37022,1.37031
1396637301.805,11.507,1.37025,1.37037,,1396637229.189,11.883,1.37024,1.37033
1396637305.77,15.201,1.37023,1.37035,,1396637234.749,13.114,1.37024,1.37032
1396637305.819,14.218,1.37023,1.37035,,1396637244.72,30.737,1.37023,1.37033
1396637320.057,14.704,1.37024,1.37037,,1396637246.323,12.207,1.37024,1.37032
1396637321.899,18.061,1.37026,1.37038,,1396637254.422,11.461,1.37022,1.37032
1396637321.928,18.138,1.37028,1.3704,,1396637254.424,111.756,1.37023,1.37032
1396637321.941,23.462,1.3703,1.37042,,1396637254.976,11.944,1.37023,1.37031
1396637321.997,11.776,1.37028,1.3704,,1396637263.046,16.261,1.37022,1.37032
1396637322.024,17.118,1.37029,1.3704,,1396637263.061,97.184,1.3702,1.37032
1396637322.214,15.312,1.3703,1.3704,,1396637263.313,12.408,1.3702,1.37031
1396637322.508,13.321,1.37029,1.3704,,1396637263.323,102.904,1.37019,1.37032
1396637326.035,12.03,1.37031,1.37042,,1396637263.327,100.462,1.37019,1.37033
1396637331.298,11.9,1.37029,1.3704,,1396637263.418,110.186,1.3702,1.37033
1396637340.736,12.185,1.37026,1.37038,,1396637263.723,15.089,1.37021,1.37032
1396637340.922,12.643,1.37024,1.37038,,1396637264.044,11.799,1.37021,1.37033
1396637340.992,17.986,1.37023,1.37036,,1396637265.357,12.171,1.37021,1.37032
1396637342.237,19.371,1.37023,1.37035,,1396637267.737,13.022,1.37021,1.37033
1396637342.329,13.244,1.37024,1.37038,,1396637271.097,12.448,1.37022,1.37033
1396637342.345,20.79,1.37025,1.37038,,1396637271.313,11.836,1.37024,1.37034
1396637342.431,11.649,1.37027,1.3704,,1396637272.817,11.699,1.37022,1.37033
1396637342.457,14.539,1.37027,1.37039,,1396637272.952,12.166,1.37022,1.37032
1396637343.518,11.619,1.37025,1.37037,,1396637288.116,15.224,1.37025,1.37035
1396637343.532,16.212,1.37024,1.37037,,1396637288.123,109.201,1.37025,1.37036
1396637346.845,13.426,1.37026,1.3704,,1396637293.038,12.368,1.37025,1.37037
1396637346.913,11.722,1.37027,1.3704,,1396637301.805,11.833,1.37025,1.37037
1396637347.122,23.639,1.37029,1.3704,,1396637305.77,15.485,1.37023,1.37035
1396637354.312,20.085,1.37029,1.37039,,1396637305.819,65.145,1.37023,1.37035
1396637361.735,18.792,1.37029,1.37041,,1396637320.057,16.383,1.37024,1.37037
1396637361.78,14.43,1.37027,1.37038,,1396637321.899,14.904,1.37026,1.37038
1396637361.834,11.576,1.37025,1.37038,,1396637321.928,84.52,1.37028,1.3704
1396637363.101,18.373,1.37026,1.37035,,1396637321.941,73.602,1.3703,1.37042
1396637363.16,12.368,1.37025,1.37036,,1396637321.997,124.8,1.37028,1.3704
1396637364.778,12.412,1.37024,1.37037,,1396637322.024,99.944,1.37029,1.3704
1396637365.513,11.249,1.37025,1.37037,,1396637322.214,109.597,1.3703,1.3704
1396637366.735,10.869,1.37024,1.37038,,1396637322.508,12.825,1.37029,1.3704
1396637367.014,11.742,1.37025,1.37037,,1396637326.035,12.828,1.37031,1.37042
1396637367.901,11.83,1.37026,1.37036,,1396637331.298,12.064,1.37029,1.3704
1396637368.312,12.3,1.37024,1.37038,,1396637340.736,12.526,1.37026,1.37038
1396637368.683,12.861,1.37026,1.37036,,1396637340.922,13.157,1.37024,1.37038
1396637369.984,13.088,1.37024,1.37037,,1396637340.992,42.464,1.37023,1.37036
1396637370.026,12.771,1.37022,1.37035,,1396637342.237,71.712,1.37023,1.37035
1396637370.114,11.501,1.37023,1.37035,,1396637342.329,72.331,1.37024,1.37038
1396637374.206,12.135,1.37023,1.37033,,1396637342.345,58.82,1.37025,1.37038
1396637378.304,13.348,1.37025,1.37035,,1396637342.431,76.316,1.37027,1.3704
1396637380.974,13.811,1.37023,1.37035,,1396637342.457,145.643,1.37027,1.37039
1396637381.036,20.8,1.3702,1.37032,,1396637343.518,11.902,1.37025,1.37037
1396637381.078,13.848,1.37019,1.37032,,1396637343.532,99.536,1.37024,1.37037
1396637381.225,12.892,1.3702,1.37032,,1396637346.845,14.249,1.37026,1.3704
1396637381.919,11.536,1.3702,1.37032,,1396637346.913,45.739,1.37027,1.3704
1396637384.14,13.615,1.37023,1.37035,,1396637347.122,24.012,1.37029,1.3704
1396637385.02,13.115,1.37022,1.37035,,1396637354.312,20.329,1.37029,1.37039
1396637385.621,12.524,1.37022,1.37034,,1396637361.735,19.097,1.37029,1.37041
1396637389.013,13.193,1.37023,1.37034,,1396637361.78,67.731,1.37027,1.37038
1396637389.381,12.663,1.37022,1.37034,,1396637361.834,113.784,1.37025,1.37038
1396637394.812,13.325,1.37023,1.37033,,1396637363.101,14.89,1.37026,1.37035
1396637394.913,14.038,1.37022,1.37034,,1396637363.16,51.747,1.37025,1.37036
1396637395.013,18.069,1.37023,1.37034,,1396637364.778,12.024,1.37024,1.37037
1396637395.113,12.311,1.37022,1.37034,,1396637365.513,12.086,1.37025,1.37037
1396637402.941,16.553,1.3702,1.37032,,1396637366.735,11.888,1.37024,1.37038
1396637416.016,24.02,1.3702,1.3703,,1396637367.014,12.736,1.37025,1.37037
1396637416.113,23.967,1.37016,1.37031,,1396637367.901,10.575,1.37026,1.37036
1396637416.221,11.901,1.37019,1.37033,,1396637368.312,13.203,1.37024,1.37038
1396637416.291,44.937,1.37019,1.37032,,1396637368.683,12.916,1.37026,1.37036
1396637416.412,15.192,1.37019,1.37031,,1396637369.984,13.319,1.37024,1.37037
1396637120.768,298.364,19.57831,19.5864,,1396637370.026,72.836,1.37022,1.37035
1396637432.712,12.157,1.37018,1.37031,,1396637370.114,83.125,1.37023,1.37035
1396637432.815,12.188,1.37019,1.37031,,1396637374.206,11.913,1.37023,1.37033
1396637435.815,29.659,1.37013,1.37027,,1396637378.304,14.917,1.37025,1.37035
1396637436.912,14.087,1.37016,1.37026,,1396637380.974,14.792,1.37023,1.37035
1396637440.141,16.88,1.37016,1.37028,,1396637381.036,55.97,1.3702,1.37032
1396637440.315,11.153,1.37019,1.37029,,1396637381.078,109.173,1.37019,1.37032
1396637444.181,11.337,1.37019,1.37029,,1396637381.225,62.311,1.3702,1.37032
1396637458.119,16.913,1.37016,1.37027,,1396637381.919,12.114,1.3702,1.37032
1396637459.387,11.831,1.37014,1.37027,,1396637384.14,15.113,1.37023,1.37035
1396637461.013,12.853,1.37015,1.37025,,1396637385.02,12.682,1.37022,1.37035
1396637468.749,19.25,1.37014,1.37026,,1396637385.621,12.332,1.37022,1.37034
1396637473.487,12.188,1.37014,1.37025,,1396637389.013,13.018,1.37023,1.37034
1396637475.218,16.596,1.37011,1.37024,,1396637389.381,12.974,1.37022,1.37034
1396637476.619,21.683,1.37012,1.37024,,1396637394.812,14.88,1.37023,1.37033
1396637486.335,12.239,1.37013,1.37023,,1396637394.913,13.202,1.37022,1.37034
1396637495.755,11.651,1.37012,1.37024,,1396637395.013,19.519,1.37023,1.37034
1396637497.212,46.58,1.37013,1.37024,,1396637395.113,14.218,1.37022,1.37034
1396637497.313,11.938,1.37012,1.37024,,1396637402.941,12.223,1.3702,1.37032
1396637513.666,19.538,1.37013,1.37024,,1396637416.016,22.174,1.3702,1.3703
1396637524.978,12.731,1.37012,1.37024,,1396637416.024,113.07,1.37018,1.3703
1396637541.23,20.616,1.37012,1.37025,,1396637416.113,118.539,1.37016,1.37031
1396637543.936,11.337,1.37013,1.37024,,1396637416.221,110.207,1.37019,1.37033
1396637551.428,12.23,1.37013,1.37024,,1396637416.291,42.827,1.37019,1.37032
1396637557.032,17.785,1.37014,1.37023,,1396637416.412,21.265,1.37019,1.37031
1396637562.014,11.812,1.37012,1.37024,,1396637432.712,13.067,1.37018,1.37031
1396637562.073,15.833,1.3701,1.37021,,1396637432.815,11.997,1.37019,1.37031
1396637562.119,12.631,1.37008,1.37021,,1396637435.628,1213.583,1.37016,1.37028
1396637562.423,14.241,1.37009,1.3702,,1396637435.81,1051.692,1.37014,1.37025
1396637563.22,17.337,1.37011,1.37023,,1396637435.815,1049.093,1.37013,1.37027
1396637563.301,14.7,1.37012,1.37023,,1396637436.912,13.346,1.37016,1.37026
1396637564.623,11.594,1.37013,1.37022,,1396637440.141,17.067,1.37016,1.37028
1396637567.113,11.373,1.37011,1.37023,,1396637440.315,12.71,1.37019,1.37029
1396637572.124,12.215,1.37013,1.37023,,1396637444.181,11.917,1.37019,1.37029
1396637572.125,28.504,1.37012,1.37023,,1396637458.119,15.333,1.37016,1.37027
1396637580.221,20.748,1.37011,1.37024,,1396637459.387,12.091,1.37014,1.37027
1396637581.013,16.574,1.37012,1.37023,,1396637461.013,12.169,1.37015,1.37025
1396637584.912,17.988,1.37011,1.37025,,1396637468.749,15.675,1.37014,1.37026
1396637588.923,11.929,1.37011,1.37024,,1396637473.487,12.382,1.37014,1.37025
1396637589.397,14.874,1.37013,1.37023,,1396637475.218,17.449,1.37011,1.37024
1396637589.523,12.928,1.37011,1.37025,,1396637476.619,21.3,1.37012,1.37024
1396637589.906,11.527,1.37013,1.37023,,1396637486.335,13.449,1.37013,1.37023
1396637590.396,11.894,1.37011,1.37025,,1396637495.755,11.946,1.37012,1.37024
1396637590.654,14.183,1.37012,1.37023,,1396637497.212,110.835,1.37013,1.37024
1396637590.78,12.228,1.37011,1.37025,,1396637497.313,110.033,1.37012,1.37024
1396637590.907,12.305,1.37011,1.37024,,1396637513.666,19.68,1.37013,1.37024
1396637591.035,12.691,1.37012,1.37023,,1396637524.978,14.118,1.37012,1.37024
1396637593.762,11.468,1.37015,1.37026,,1396637541.23,19.28,1.37012,1.37025
1396637599.013,12.023,1.37013,1.37027,,1396637543.936,12.034,1.37013,1.37024
1396637599.816,14.897,1.37013,1.37027,,1396637551.428,11.962,1.37013,1.37024
1396637605.525,12.943,1.37013,1.37026,,1396637557.032,18.533,1.37014,1.37023
1396637605.631,12.543,1.37013,1.37025,,1396637562.014,12.638,1.37012,1.37024
1396637619.24,11.598,1.37012,1.37022,,1396637562.073,55.237,1.3701,1.37021
1396637619.259,18.696,1.37009,1.37022,,1396637562.119,109.491,1.37008,1.37021
1396637619.376,14.49,1.37009,1.37021,,1396637562.423,12.167,1.37009,1.3702
1396637620.282,12.767,1.37009,1.37019,,1396637563.22,16.384,1.37011,1.37023
1396637621.013,11.619,1.37011,1.37022,,1396637563.301,33.314,1.37012,1.37023
1396637621.321,14.163,1.37012,1.37021,,1396637564.623,12.347,1.37013,1.37022
1396637628.112,16.002,1.37013,1.37023,,1396637567.113,11.778,1.37011,1.37023
1396637628.414,13.135,1.37013,1.37025,,1396637572.124,12.297,1.37013,1.37023
1396637628.424,25.33,1.37015,1.37027,,1396637572.125,112.277,1.37012,1.37023
1396637628.436,43.397,1.37016,1.3703,,1396637580.221,21.595,1.37011,1.37024
1396637628.52,14.752,1.37018,1.37031,,1396637581.013,15.637,1.37012,1.37023
1396637628.714,17.94,1.37019,1.37031,,1396637584.912,15.423,1.37011,1.37025
1396637628.814,11.947,1.37017,1.3703,,1396637588.923,12.241,1.37011,1.37024
1396637628.891,12.571,1.37017,1.37029,,1396637589.397,13.545,1.37013,1.37023
1396637640.613,11.08,1.37018,1.37028,,1396637589.523,13.362,1.37011,1.37025
1396637640.803,12.177,1.37019,1.37028,,1396637589.906,12.039,1.37013,1.37023
1396637647.319,19.722,1.37017,1.37028,,1396637590.396,12.223,1.37011,1.37025
1396637650.282,14.646,1.37016,1.37027,,1396637590.654,13.319,1.37012,1.37023
1396637657.983,16.114,1.37018,1.37027,,1396637590.78,12.581,1.37011,1.37025
1396637659.535,11.68,1.37017,1.37028,,1396637590.907,13.736,1.37011,1.37024
1396637667.199,11.993,1.37014,1.37025,,1396637591.035,13.363,1.37012,1.37023
1396637669.704,16.094,1.37013,1.37026,,1396637593.762,11.801,1.37015,1.37026
1396637670.015,12.4,1.37014,1.37025,,1396637599.013,12.909,1.37013,1.37027
1396637677.814,16.232,1.37014,1.37026,,1396637599.816,14.475,1.37013,1.37027
1396637678.035,11.465,1.37014,1.37027,,1396637605.525,13.926,1.37013,1.37026
1396637678.059,12.373,1.37016,1.37029,,1396637605.631,12.66,1.37013,1.37025
1396637678.116,12.886,1.37017,1.37029,,1396637619.24,12.026,1.37012,1.37022
1396637678.122,22.255,1.37016,1.37032,,1396637619.247,107.325,1.37011,1.37022
1396637678.315,11.692,1.37018,1.37032,,1396637619.258,98.591,1.37009,1.37023
1396637678.539,11.681,1.37019,1.37031,,1396637619.259,99.191,1.37009,1.37022
1396637678.637,12.33,1.3702,1.37031,,1396637619.376,77.667,1.37009,1.37021
1396637680.088,12.535,1.37019,1.37031,,1396637620.282,12.835,1.37009,1.37019
1396637680.125,12.458,1.37018,1.37031,,1396637621.013,12.336,1.37011,1.37022
1396637684.161,12.113,1.37019,1.37031,,1396637621.321,15.187,1.37012,1.37021
1396637684.517,12.645,1.37021,1.3703,,1396637628.112,15.891,1.37013,1.37023
1396637685.39,11.348,1.37022,1.37029,,1396637628.414,13.996,1.37013,1.37025
1396637685.418,13.117,1.3702,1.37031,,1396637628.424,103.764,1.37015,1.37027
1396637685.518,11.704,1.37023,1.37033,,1396637628.436,92.995,1.37016,1.3703
1396637686.213,12.379,1.37024,1.37035,,1396637628.52,107.394,1.37018,1.37031
1396637689.912,12.483,1.37023,1.37033,,1396637628.714,14.183,1.37019,1.37031
1396637691.019,11.731,1.37023,1.37033,,1396637628.814,13.676,1.37017,1.3703
1396637697.613,12.282,1.37023,1.37032,,1396637628.891,36.4,1.37017,1.37029
1396637700.147,12.805,1.37022,1.37032,,1396637640.613,12.248,1.37018,1.37028
1396637704.016,11.99,1.37022,1.37033,,1396637640.803,12.888,1.37019,1.37028
1396637704.073,12.826,1.37019,1.37033,,1396637647.319,18.934,1.37017,1.37028
1396637704.124,61.213,1.37019,1.37032,,1396637650.282,11.662,1.37016,1.37027
1396637704.419,13.454,1.37019,1.3703,,1396637657.983,17.112,1.37018,1.37027
1396637704.68,13.03,1.37018,1.37028,,1396637659.535,11.741,1.37017,1.37028
1396637704.753,12.066,1.37018,1.3703,,1396637667.199,12.24,1.37014,1.37025
1396637706.13,12.708,1.37019,1.3703,,1396637669.704,101.321,1.37013,1.37026
1396637706.247,12.385,1.3702,1.3703,,1396637670.015,11.798,1.37014,1.37025
1396637706.42,12.225,1.3702,1.37032,,1396637677.814,17.338,1.37014,1.37026
1396637707.83,12.365,1.3702,1.37031,,1396637678.035,12.29,1.37014,1.37027
1396637712.167,12.021,1.37021,1.3703,,1396637678.059,88.054,1.37016,1.37029
1396637714.866,11.262,1.3702,1.37031,,1396637678.116,132.977,1.37017,1.37029
1396637722.916,11.953,1.37022,1.37029,,1396637678.122,128.976,1.37016,1.37032
1396637723.621,12.115,1.37021,1.3703,,1396637678.315,34.529,1.37018,1.37032
1396637723.822,11.691,1.37021,1.37032,,1396637678.539,12.14,1.37019,1.37031
1396637723.985,12.467,1.37021,1.37031,,1396637678.637,17.871,1.3702,1.37031
1396637724.212,11.847,1.37022,1.37031,,1396637680.088,13.078,1.37019,1.37031
1396637728.501,12.336,1.37022,1.37032,,1396637680.125,74.495,1.37018,1.37031
1396637729.852,11.447,1.37022,1.37031,,1396637684.161,12.648,1.37019,1.37031
1396637730.874,12.736,1.37022,1.37031,,1396637684.517,12.217,1.37021,1.3703
1396637739.841,13.496,1.37021,1.37032,,1396637685.39,11.804,1.37022,1.37029
1396637743.189,12.158,1.37021,1.37031,,1396637685.418,82.863,1.3702,1.37031
1396637743.214,11.508,1.37022,1.37031,,1396637685.518,84.089,1.37023,1.37033
1396637747.923,11.543,1.3702,1.37032,,1396637686.213,12.261,1.37024,1.37035
1396637750.879,12.611,1.37019,1.37032,,1396637689.912,12.203,1.37023,1.37033
1396637750.987,12.178,1.37016,1.37029,,1396637691.019,12.293,1.37023,1.37033
1396637751.017,11.93,1.37017,1.37029,,1396637697.613,13.461,1.37023,1.37032
1396637751.517,12.813,1.3702,1.37031,,1396637700.147,13.027,1.37022,1.37032
1396637755.412,11.866,1.37021,1.37033,,1396637704.016,12.15,1.37022,1.37033
1396637755.549,13.147,1.37022,1.37033,,1396637704.073,55.188,1.37019,1.37033
1396637755.616,12.463,1.37021,1.37033,,1396637704.124,104.506,1.37019,1.37032
1396637758.412,11.884,1.37022,1.37033,,1396637704.419,11.996,1.37019,1.3703
1396637768.875,11.417,1.37022,1.37032,,1396637704.68,12.9,1.37018,1.37028
1396637772.789,12.801,1.37021,1.37033,,1396637704.753,139.417,1.37018,1.3703
1396637785.712,14.356,1.37022,1.37032,,1396637706.13,13.763,1.37019,1.3703
1396637785.912,13.683,1.37021,1.37032,,1396637706.247,12.537,1.3702,1.3703
1396637787.469,13.044,1.3702,1.3703,,1396637706.42,12.521,1.3702,1.37032
1396637787.567,13.707,1.37019,1.3703,,1396637707.83,12.237,1.3702,1.37031
1396637787.812,12.671,1.3702,1.3703,,1396637712.167,12.325,1.37021,1.3703
1396637789.275,12.275,1.37019,1.37031,,1396637714.866,12.46,1.3702,1.37031
1396637793.944,12.168,1.37017,1.37028,,1396637722.916,12.388,1.37022,1.37029
1396637794.015,12.67,1.37016,1.37028,,1396637723.621,11.974,1.37021,1.3703
1396637794.033,12.314,1.37015,1.37028,,1396637723.822,12.395,1.37021,1.37032
1396637794.145,12.524,1.37017,1.3703,,1396637723.985,12.144,1.37021,1.37031
1396637794.227,434.52,1.37017,1.37029,,1396637724.212,12.9,1.37022,1.37031
1396637796.39,11.972,1.37017,1.37029,,1396637728.501,12.132,1.37022,1.37032
1396637812.323,13.215,1.37015,1.37028,,1396637729.852,12.348,1.37022,1.37031
1396637818.655,11.615,1.37017,1.3703,,1396637730.874,13.282,1.37022,1.37031
1396637823.784,13,1.37018,1.37029,,1396637739.841,12.521,1.37021,1.37032
1396637832.679,13.148,1.37016,1.37027,,1396637743.189,11.97,1.37021,1.37031
1396637835.918,12.866,1.37016,1.37026,,1396637743.214,90.655,1.37022,1.37031
1396637836.016,12.215,1.37014,1.37024,,1396637747.923,12.63,1.3702,1.37032
1396637859.82,13.051,1.37015,1.37026,,1396637750.879,13.424,1.37019,1.37032
1396637864.445,13.601,1.37017,1.37028,,1396637750.987,12.525,1.37016,1.37029
1396637864.516,12.539,1.37018,1.3703,,1396637751.017,83.224,1.37017,1.37029
1396637864.613,12.895,1.3702,1.37031,,1396637751.517,13.684,1.3702,1.37031
1396637864.812,12.214,1.37021,1.3703,,1396637755.412,13.553,1.37021,1.37033
1396637871.554,14.221,1.37023,1.37032,,1396637755.549,13.152,1.37022,1.37033
1396637885.615,12.601,1.37021,1.37033,,1396637755.616,45.66,1.37021,1.37033
1396637885.712,11.845,1.37022,1.37033,,1396637758.412,12.532,1.37022,1.37033
1396637885.821,14.793,1.37022,1.37032,,1396637768.875,12.731,1.37022,1.37032
1396637885.913,13.451,1.37023,1.37032,,1396637772.789,13.509,1.37021,1.37033
1396637891.612,12.886,1.37023,1.37034,,1396637785.712,15.268,1.37022,1.37032
1396637894.66,13.577,1.37024,1.37033,,1396637785.912,15.312,1.37021,1.37032
1396637894.665,28.82,1.37023,1.37035,,1396637787.469,14.724,1.3702,1.3703
1396637895.421,12.266,1.37024,1.37033,,1396637787.567,14.863,1.37019,1.3703
1396637903.919,12.836,1.37022,1.37031,,1396637787.812,13.269,1.3702,1.3703
1396637903.924,23.073,1.37021,1.37033,,1396637789.275,12.999,1.37019,1.37031
1396637904.113,12.54,1.37022,1.37033,,1396637793.944,13.056,1.37017,1.37028
1396637904.212,12.966,1.37022,1.37032,,1396637794.015,42.352,1.37016,1.37028
1396637904.612,12.473,1.37023,1.37032,,1396637794.033,125.159,1.37015,1.37028
1396637905.118,13.041,1.37022,1.37034,,1396637794.145,113.331,1.37017,1.3703
1396637905.529,12.996,1.37024,1.37033,,1396637794.227,33.748,1.37017,1.37029
1396637907.975,11.877,1.37023,1.37035,,1396637796.39,13.091,1.37017,1.37029
1396637918.207,12.79,1.37024,1.37034,,1396637812.323,14.538,1.37015,1.37028
1396637939.018,16.231,1.37024,1.37037,,1396637818.655,12.49,1.37017,1.3703
1396637939.023,34.783,1.37023,1.37039,,1396637823.784,13.88,1.37018,1.37029
1396637939.057,16.771,1.37022,1.37041,,1396637832.679,14.783,1.37016,1.37027
1396637939.115,16.26,1.37023,1.37041,,1396637835.918,13.765,1.37016,1.37026
1396637939.121,41.419,1.37025,1.37043,,1396637836.016,15.285,1.37014,1.37024
1396637939.145,40.635,1.37028,1.37046,,1396637859.82,113.232,1.37015,1.37026
1396637939.215,13.034,1.37029,1.37046,,1396637864.445,14.526,1.37017,1.37028
1396637939.311,17.324,1.37029,1.37045,,1396637864.516,43.619,1.37018,1.3703
1396637939.526,13.689,1.3703,1.37044,,1396637864.613,46.4,1.3702,1.37031
1396637939.612,12.422,1.3703,1.37043,,1396637864.812,47.439,1.37021,1.3703
1396637939.776,12.839,1.37029,1.37041,,1396637871.554,13.408,1.37023,1.37032
1396637940.112,12.654,1.3703,1.37039,,1396637885.615,13.131,1.37021,1.37033
1396637940.119,21.487,1.37029,1.3704,,1396637885.712,17.968,1.37022,1.37033
1396637940.225,11.416,1.37028,1.37038,,1396637885.821,15.792,1.37022,1.37032
1396637940.423,13.554,1.37026,1.37038,,1396637885.913,23.333,1.37023,1.37032
1396637940.885,13.747,1.37025,1.37035,,1396637891.612,13.615,1.37023,1.37034
1396637941.505,12.48,1.37026,1.37035,,1396637894.66,14.577,1.37024,1.37033
1396637946.932,12.376,1.37024,1.37033,,1396637894.665,110.267,1.37023,1.37035
1396637947.741,12.517,1.37024,1.37033,,1396637895.421,13.407,1.37024,1.37033
1396637974.064,13.796,1.3702,1.37033,,1396637903.919,14.078,1.37022,1.37031
1396637974.112,14.426,1.3702,1.37032,,1396637903.924,108.592,1.37021,1.37033
1396637974.223,13.591,1.3702,1.37031,,1396637904.113,19.106,1.37022,1.37033
1396637974.73,24.339,1.37018,1.37028,,1396637904.212,21.23,1.37022,1.37032
1396637975.062,12.701,1.37018,1.3703,,1396637904.612,13.11,1.37023,1.37032
1396637975.273,13.196,1.37016,1.3703,,1396637905.118,13.405,1.37022,1.37034
1396637975.416,12.561,1.37016,1.37029,,1396637905.529,13.854,1.37024,1.37033
1396637975.52,12.953,1.37016,1.37028,,1396637907.975,13.396,1.37023,1.37035
1396637976.113,12.153,1.37017,1.37027,,1396637918.207,13.379,1.37024,1.37034
1396637976.17,12.882,1.37016,1.37028,,1396637939.018,16.258,1.37024,1.37037
1396637977.512,12.356,1.37015,1.37028,,1396637939.018,116.924,1.37023,1.37038
1396637978.022,12.518,1.37015,1.37024,,1396637939.023,114.061,1.37023,1.37039
1396637978.06,13.158,1.37014,1.37024,,1396637939.057,81.225,1.37022,1.37041
1396637978.221,13.884,1.37015,1.37026,,1396637939.115,117.047,1.37023,1.37041
1396637979.022,13.255,1.37016,1.37026,,1396637939.121,112.578,1.37025,1.37043
1396637980.331,12.333,1.37015,1.37027,,1396637939.145,91.304,1.37028,1.37046
1396637980.352,13.041,1.37018,1.3703,,1396637939.215,117.677,1.37029,1.37046
1396637980.443,12.818,1.3702,1.37033,,1396637939.311,23.002,1.37029,1.37045
1396637980.508,12.073,1.3702,1.37032,,1396637939.526,15.323,1.3703,1.37044
1396637981.712,15.901,1.37021,1.37031,,1396637939.612,29.814,1.3703,1.37043
1396637983.445,13.509,1.37019,1.37031,,1396637939.776,66.22,1.37029,1.37041
1396637984.112,13.288,1.3702,1.37029,,1396637940.112,13.95,1.3703,1.37039
1396637984.777,13.85,1.37019,1.37029,,1396637940.119,106.552,1.37029,1.3704
1396637984.927,20.473,1.37019,1.3703,,1396637940.225,102.043,1.37028,1.37038
1396637984.93,39.272,1.37018,1.37031,,1396637940.423,14.293,1.37026,1.37038
1396637985.704,12.609,1.37019,1.3703,,1396637940.885,13.4,1.37025,1.37035
1396637987.546,13.983,1.37018,1.3703,,1396637941.505,13.18,1.37026,1.37035
1396637987.583,12.997,1.3702,1.37032,,1396637946.932,13.614,1.37024,1.37033
1396637987.787,12.545,1.37021,1.37031,,1396637947.741,13.849,1.37024,1.37033
1396637988.56,13.529,1.37019,1.37031,,1396637974.064,15.355,1.3702,1.37033
1396637988.615,13.242,1.3702,1.37031,,1396637974.112,66.485,1.3702,1.37032
1396637988.632,12.981,1.37017,1.3703,,1396637974.223,55.979,1.3702,1.37031
1396637988.74,13.644,1.37017,1.37029,,1396637974.73,110.78,1.37018,1.37028
1396637988.855,15.851,1.37017,1.37028,,1396637975.062,14.072,1.37018,1.3703
1396637988.932,36.693,1.37017,1.37029,,1396637975.273,13.756,1.37016,1.3703
1396637989.081,13.772,1.3702,1.37031,,1396637975.416,13.583,1.37016,1.37029
1396637991.415,12.247,1.37017,1.37028,,1396637975.52,13.784,1.37016,1.37028
1396637992.058,13.734,1.37019,1.3703,,1396637976.113,13.374,1.37017,1.37027
1396637992.142,12.942,1.37017,1.3703,,1396637976.17,56.325,1.37016,1.37028
1396637992.771,13.621,1.37018,1.37029,,1396637977.512,13.421,1.37015,1.37028
1396637993.199,13.186,1.37019,1.37029,,1396637978.022,13.91,1.37015,1.37024
1396637993.714,12.979,1.37019,1.3703,,1396637978.06,76.458,1.37014,1.37024
1396637994.021,14.338,1.37018,1.3703,,1396637978.221,14.502,1.37015,1.37026
1396637995.035,18.061,1.37019,1.37034,,1396637979.022,14.535,1.37016,1.37026
1396637995.038,31.292,1.37019,1.37035,,1396637980.331,13.391,1.37015,1.37027
1396637995.065,21.356,1.37019,1.37037,,1396637980.352,94.473,1.37018,1.3703
1396637995.127,17.215,1.37022,1.3704,,1396637980.443,101.481,1.3702,1.37033
1396637995.172,13.7,1.37024,1.37041,,1396637980.508,38.82,1.3702,1.37032
1396637995.315,442.938,1.37025,1.37041,,1396637981.712,16.8,1.37021,1.37031
1396637995.676,101,1.37024,1.37039,,1396637983.445,13.699,1.37019,1.37031
1396637995.786,18.253,1.37024,1.37038,,1396637984.112,13.356,1.3702,1.37029
1396637996.234,29.788,1.3702,1.37032,,1396637984.777,65.825,1.37019,1.37029
1396637996.413,12.674,1.3702,1.37031,,1396637984.927,21.511,1.37019,1.3703
1396637996.997,12.868,1.37021,1.37029,,1396637984.93,112.196,1.37018,1.37031
1396637998.088,14.084,1.37019,1.3703,,1396637985.704,13.463,1.37019,1.3703
1396637998.126,17.087,1.37018,1.3703,,1396637987.546,15.115,1.37018,1.3703
1396637998.345,12.948,1.37018,1.37029,,1396637987.583,77.962,1.3702,1.37032
1396637998.465,13.132,1.37016,1.3703,,1396637987.787,14.057,1.37021,1.37031
1396637998.712,13.588,1.37017,1.3703,,1396637988.56,13.599,1.37019,1.37031
1396637998.717,25.008,1.37016,1.3703,,1396637988.615,58.931,1.3702,1.37031
1396637999.078,13.217,1.37017,1.37029,,1396637988.632,142.545,1.37017,1.3703
1396637999.525,12.533,1.37016,1.3703,,1396637988.74,36.298,1.37017,1.37029
1396637999.691,12.599,1.37017,1.37029,,1396637988.855,20.438,1.37017,1.37028
1396637999.813,20.095,1.37017,1.3703,,1396637988.867,107.413,1.37016,1.37029
1396637999.994,13.108,1.37019,1.37031,,1396637988.932,142.541,1.37017,1.37029
1396638000.104,12.942,1.37016,1.3703,,1396637989.081,96.13,1.3702,1.37031
1396638000.107,26.242,1.37015,1.3703,,1396637991.415,13.727,1.37017,1.37028
1396638000.133,16.37,1.37013,1.37028,,1396637992.058,14.535,1.37019,1.3703
1396638000.186,13.495,1.37011,1.37025,,1396637992.142,30.264,1.37017,1.3703
1396638000.291,16.727,1.37011,1.37024,,1396637992.771,15.269,1.37018,1.37029
1396638000.385,17.915,1.37012,1.37024,,1396637993.199,14.611,1.37019,1.37029
1396638000.655,13.17,1.37013,1.37023,,1396637993.714,14.196,1.37019,1.3703
1396638000.925,15.647,1.37011,1.37021,,1396637994.021,15.142,1.37018,1.3703
1396638000.929,45.648,1.37012,1.37021,,1396637995.035,19.388,1.37019,1.37034
1396638001.692,13.158,1.37011,1.37022,,1396637995.038,115.253,1.37019,1.37035
1396638001.714,13.812,1.37009,1.3702,,1396637995.059,95.464,1.37019,1.37036
1396638001.755,13.201,1.37012,1.37023,,1396637995.065,91.916,1.37019,1.37037
1396638001.876,14.422,1.37013,1.37023,,1396637995.127,124.61,1.37022,1.3704
1396638001.898,21.526,1.37011,1.37022,,1396637995.172,81,1.37024,1.37041
1396638002.267,13.083,1.37009,1.3702,,1396637995.315,934.256,1.37025,1.37041
1396638002.613,13.749,1.37011,1.37021,,1396637995.425,826.482,1.37026,1.37041
1396638002.721,13.267,1.37012,1.37021,,1396637995.613,640.496,1.37026,1.37039
1396638002.815,15.318,1.37012,1.37022,,1396637995.621,634.157,1.37024,1.3704
1396638002.929,13.514,1.37012,1.37024,,1396637995.676,581.156,1.37024,1.37039
1396638003.073,14.175,1.37013,1.37024,,1396637995.786,473.054,1.37024,1.37038
1396638003.654,12.503,1.37011,1.37023,,1396637995.925,335.726,1.37023,1.37036
1396638003.811,13.299,1.37011,1.37025,,1396637995.968,294.824,1.37023,1.37035
1396638003.819,22.223,1.37011,1.37024,,1396637996.072,192.627,1.37023,1.37034
1396638004.03,16.329,1.37012,1.37023,,1396637996.096,170.461,1.3702,1.37034
1396638005.81,17.128,1.37013,1.37023,,1396637996.234,66.021,1.3702,1.37032
1396638011.318,19.636,1.37015,1.37025,,1396637996.413,13.22,1.3702,1.37031
1396638011.322,33.527,1.37013,1.37027,,1396637996.997,13.578,1.37021,1.37029
1396638011.413,15.455,1.37013,1.37026,,1396637998.088,15.281,1.37019,1.3703
1396638011.697,13.66,1.37013,1.37025,,1396637998.126,76.16,1.37018,1.3703
1396638013.521,20.76,1.37015,1.37027,,1396637998.345,14.027,1.37018,1.37029
1396638013.532,41.52,1.37015,1.3703,,1396637998.465,13.747,1.37016,1.3703
1396638013.615,17.285,1.37016,1.3703,,1396637998.712,15.372,1.37017,1.3703
1396638013.715,20.961,1.37016,1.37029,,1396637998.717,111.773,1.37016,1.3703
1396638013.81,19.768,1.37017,1.37029,,1396637999.078,14.629,1.37017,1.37029
1396638014.753,15.634,1.37019,1.37029,,1396637999.525,13.535,1.37016,1.3703
1396638015.705,13.911,1.37019,1.3703,,1396637999.691,13.555,1.37017,1.37029
1396638015.713,22.964,1.37018,1.3703,,1396637999.813,94.828,1.37017,1.3703
1396638015.867,13.686,1.37015,1.37027,,1396637999.994,14.339,1.37019,1.37031
1396638015.922,18.91,1.37015,1.37026,,1396638000.104,13.518,1.37016,1.3703
1396638017.314,12.888,1.37013,1.37026,,1396638000.107,111.551,1.37015,1.3703
1396638017.322,19.597,1.37012,1.37026,,1396638000.133,87.847,1.37013,1.37028
1396638017.427,12.178,1.37012,1.37025,,1396638000.186,133.525,1.37011,1.37025
1396638022.613,14.428,1.37015,1.37026,,1396638000.291,31.05,1.37011,1.37024
1396638022.82,14.476,1.37014,1.37027,,1396638000.385,33.863,1.37012,1.37024
1396638022.99,13.599,1.37014,1.37026,,1396638000.655,14.365,1.37013,1.37023
1396638025.412,13.462,1.37015,1.37026,,1396638000.925,16.93,1.37011,1.37021
1396638025.421,20.445,1.37014,1.37026,,1396638000.929,110.191,1.37012,1.37021
1396638025.623,13.462,1.37012,1.37024,,1396638001.692,13.976,1.37011,1.37022
1396638025.722,13.443,1.37013,1.37024,,1396638001.714,93.326,1.37009,1.3702
1396638029.012,12.623,1.37012,1.37026,,1396638001.755,153.906,1.37012,1.37023
1396638034.25,12.928,1.37013,1.37025,,1396638001.876,34.937,1.37013,1.37023
1396638034.263,16.416,1.37013,1.3703,,1396638001.898,1224.271,1.37011,1.37022
1396638034.318,13.171,1.37015,1.37032,,1396638002.267,858.429,1.37009,1.3702
1396638034.33,24.099,1.37017,1.37033,,1396638002.613,514.227,1.37011,1.37021
1396638034.556,13.503,1.37018,1.37032,,1396638002.721,408.316,1.37012,1.37021
1396638034.65,13.372,1.37016,1.37029,,1396638002.815,315.444,1.37012,1.37022
1396638034.732,12.213,1.37017,1.37029,,1396638002.929,203.786,1.37012,1.37024
1396638035.059,12.88,1.37017,1.37028,,1396638003.073,62.089,1.37013,1.37024
1396638035.907,19.16,1.37019,1.3703,,1396638003.654,13.742,1.37011,1.37023
1396638036.811,13.874,1.37021,1.37033,,1396638003.811,14.968,1.37011,1.37025
1396638037.997,11.966,1.37021,1.37032,,1396638003.819,630.968,1.37011,1.37024
1396638038.02,13.664,1.37018,1.3703,,1396638004.03,519.097,1.37012,1.37023
1396638038.067,14.23,1.37016,1.37027,,1396638005.81,18.13,1.37013,1.37023
1396638038.222,13.499,1.37017,1.37027,,1396638011.318,20.848,1.37015,1.37025
1396638040.242,12.382,1.37017,1.3703,,1396638011.321,110.891,1.37014,1.37026
1396638040.323,14.418,1.3702,1.37033,,1396638011.322,111.919,1.37013,1.37027
1396638040.513,14.173,1.37022,1.37033,,1396638011.413,118.53,1.37013,1.37026
1396638040.812,14.998,1.37023,1.37031,,1396638011.697,15.06,1.37013,1.37025
1396638040.821,25.513,1.37023,1.37034,,1396638013.521,1213.912,1.37015,1.37027
1396638041.118,12.6,1.37024,1.37033,,1396638013.532,1220.003,1.37015,1.3703
1396638041.213,12.425,1.37024,1.37032,,1396638013.615,1138.422,1.37016,1.3703
1396638041.22,106.013,1.37022,1.37034,,1396638013.715,1040.957,1.37016,1.37029
1396638041.616,13.219,1.37023,1.37032,,1396638013.81,947.058,1.37017,1.37029
1396638041.624,20.176,1.37022,1.37033,,1396638014.753,101.584,1.37019,1.37029
,,,,,1396638015.705,14.579,1.37019,1.3703
,,,,,1396638015.713,107.297,1.37018,1.3703
,,,,,1396638015.867,57.595,1.37015,1.37027
,,,,,1396638015.922,99.034,1.37015,1.37026
,,,,,1396638017.314,44.739,1.37013,1.37026
,,,,,1396638017.322,138.288,1.37012,1.37026
,,,,,1396638017.427,35.39,1.37012,1.37025
,,,,,1396638022.613,15.375,1.37015,1.37026
,,,,,1396638022.82,14.25,1.37014,1.37027
,,,,,1396638022.99,14.085,1.37014,1.37026
,,,,,1396638025.412,14.005,1.37015,1.37026
,,,,,1396638025.421,105.27,1.37014,1.37026
,,,,,1396638025.623,14.253,1.37012,1.37024
,,,,,1396638025.722,17.057,1.37013,1.37024
,,,,,1396638029.012,13.685,1.37012,1.37026
,,,,,1396638034.25,12.65,1.37013,1.37025
,,,,,1396638034.253,112.44,1.37013,1.37026
,,,,,1396638034.255,113.105,1.37013,1.37027
,,,,,1396638034.263,106.495,1.37013,1.3703
,,,,,1396638034.318,147.046,1.37015,1.37032
,,,,,1396638034.33,137.748,1.37017,1.37033
,,,,,1396638034.556,14.808,1.37018,1.37032
,,,,,1396638034.65,19.299,1.37016,1.37029
,,,,,1396638034.732,37.539,1.37017,1.37029
,,,,,1396638035.059,13.419,1.37017,1.37028
,,,,,1396638035.907,19.377,1.37019,1.3703
,,,,,1396638036.811,14.183,1.37021,1.37033
,,,,,1396638037.997,13.345,1.37021,1.37032
,,,,,1396638038.02,88.547,1.37018,1.3703
,,,,,1396638038.067,146.37,1.37016,1.37027
,,,,,1396638038.222,92.176,1.37017,1.37027
,,,,,1396638040.242,13.917,1.37017,1.3703
,,,,,1396638040.323,31.482,1.3702,1.37033
,,,,,1396638040.513,15.17,1.37022,1.37033
,,,,,1396638040.812,16.348,1.37023,1.37031
,,,,,1396638040.821,104.768,1.37023,1.37034
,,,,,1396638041.118,13.524,1.37024,1.37033
,,,,,1396638041.213,19.41,1.37024,1.37032
,,,,,1396638041.22,112.845,1.37022,1.37034
,,,,,1396638041.616,13.945,1.37023,1.37032
,,,,,1396638041.624,107.273,1.37022,1.37033
