,,,,,,,,,
Timestamp on Tick,Latency After Decode,Bid,Ask,Latency After Decode,Bid,Ask,,1.0949987434,1.266
1396635413.626,13.879,1.36984,1.36997,343.603,1.36984,1.36997,,24.7570430146,329.724
1396635417.619,13.293,1.36983,1.36995,14.947,1.36983,1.36995,,1.1244263898,1.654
1396635418.022,11.674,1.36984,1.36994,12.71,1.36984,1.36994,,1.0887442179,1.036
1396635419.031,10.7,1.36986,1.36996,11.876,1.36986,1.36996,,1.1099065421,1.176
1396635419.211,13.815,1.36985,1.36996,14.457,1.36985,1.36996,,1.0464712269,0.642
1396635422.654,212.71,1.36986,1.36996,1212.561,1.36986,1.36996,,5.700535941,999.851
1396635424.149,16.026,1.36985,1.36996,17.448,1.36985,1.36996,,1.0887308124,1.422
1396635424.201,19.565,1.36983,1.36994,64.905,1.36983,1.36994,,3.3174035267,45.34
1396635424.23,15.108,1.36981,1.36992,132.652,1.36981,1.36992,,8.7802488748,117.544
1396635424.302,15.948,1.36981,1.36991,61.371,1.36981,1.36991,,3.8481941309,45.423
1396635424.913,13.001,1.36981,1.3699,18.993,1.36981,1.3699,,1.460887624,5.992
1396635431.838,11.742,1.36979,1.36988,13.162,1.36979,1.36988,,1.1209334015,1.42
1396635454.119,11.3,1.36981,1.3699,12.189,1.36981,1.3699,,1.0786725664,0.889
1396635487.918,11.457,1.36981,1.3699,12.523,1.36981,1.3699,,1.0930435542,1.066
1396635499.135,14.424,1.3698,1.36991,15.383,1.3698,1.36991,,1.0664864115,0.959
1396635508.158,10.629,1.36981,1.3699,11.987,1.36981,1.3699,,1.1277636654,1.358
1396635511.825,12.605,1.3698,1.36991,13.407,1.3698,1.36991,,1.0636255454,0.802
1396635511.894,17.761,1.3698,1.36992,45.117,1.3698,1.36992,,2.5402285907,27.356
1396635511.925,42.86,1.36983,1.36995,113.529,1.36983,1.36995,,2.6488334111,70.669
1396635512.323,12.42,1.36986,1.36997,13.989,1.36986,1.36997,,1.1263285024,1.569
1396635531.902,13.535,1.36983,1.36994,14.126,1.36983,1.36994,,1.0436645733,0.591
1396635531.94,14.371,1.36981,1.36992,77.211,1.36981,1.36992,,5.3726950108,62.84
1396635533.931,17.379,1.36982,1.3699,18.601,1.36982,1.3699,,1.0703147477,1.222
1396635537.837,11.996,1.3698,1.36991,12.494,1.3698,1.36991,,1.0415138379,0.498
1396635544.323,15.996,1.3698,1.36991,13.705,1.3698,1.36991,,0.8567766942,-2.291
1396635551.014,15.751,1.36979,1.36989,16.935,1.36979,1.36989,,1.0751698305,1.184
1396635552.613,40.502,1.36981,1.36994,588.125,1.36981,1.36994,,14.5208878574,547.623
1396635552.714,12.445,1.36982,1.36994,489.423,1.36982,1.36994,,39.3268782644,476.978
1396635552.921,12.286,1.36984,1.36994,283.468,1.36984,1.36994,,23.0724401758,271.182
1396635563.02,11.587,1.36984,1.36995,12.593,1.36984,1.36995,,1.0868214378,1.006
1396635567.411,12.655,1.36985,1.36995,13.447,1.36985,1.36995,,1.0625839589,0.792
1396635569.12,19.724,1.36984,1.36995,21.116,1.36984,1.36995,,1.0705739201,1.392
1396635577.132,11.866,1.36984,1.36996,14.548,1.36984,1.36996,,1.2260239339,2.682
1396635577.223,17.246,1.36985,1.36996,24.548,1.36985,1.36996,,1.4234025281,7.302
1396635577.623,11.417,1.36984,1.36996,11.857,1.36984,1.36996,,1.0385390208,0.44
1396635578.712,11.532,1.36984,1.36995,12.269,1.36984,1.36995,,1.0639091224,0.737
1396635590.615,10.872,1.36986,1.36995,11.427,1.36986,1.36995,,1.0510485651,0.555
1396635590.697,11.101,1.36985,1.36995,30.425,1.36985,1.36995,,2.7407440771,19.324
1396635590.722,11.615,1.36985,1.36997,108.266,1.36985,1.36997,,9.321222557,96.651
1396635590.731,17.783,1.36986,1.36997,101.327,1.36986,1.36997,,5.6979699713,83.544
1396635595.712,11.178,1.36984,1.36996,11.656,1.36984,1.36996,,1.0427625693,0.478
1396635596.12,15.845,1.36986,1.36996,16.408,1.36986,1.36996,,1.0355317135,0.563
1396635600.623,12.134,1.36984,1.36996,13.407,1.36984,1.36996,,1.104911818,1.273
1396635600.921,11.896,1.36986,1.36997,13.461,1.36986,1.36997,,1.1315568258,1.565
1396635602.909,10.512,1.36987,1.36996,12.002,1.36987,1.36996,,1.1417427702,1.49
1396635605.678,10.37,1.36986,1.36997,11.872,1.36986,1.36997,,1.1448408872,1.502
1396635605.813,12.448,1.36984,1.36996,13.421,1.36984,1.36996,,1.0781651671,0.973
1396635606.224,11.314,1.36986,1.36996,11.838,1.36986,1.36996,,1.0463143009,0.524
1396635606.573,13.624,1.36985,1.36997,14.509,1.36985,1.36997,,1.0649588961,0.885
1396635606.68,11.767,1.36986,1.36997,12.57,1.36986,1.36997,,1.0682416929,0.803
1396635610.791,10.507,1.36984,1.36996,11.818,1.36984,1.36996,,1.1247739602,1.311
1396635610.921,22.506,1.36986,1.36997,24.133,1.36986,1.36997,,1.0722918333,1.627
1396635615.679,11.297,1.36985,1.36998,12.484,1.36985,1.36998,,1.105072143,1.187
1396635615.814,10.686,1.36985,1.36997,11.928,1.36985,1.36997,,1.1162268389,1.242
1396635616.004,13.639,1.36986,1.36997,15.066,1.36986,1.36997,,1.1046264389,1.427
1396635729.512,13.196,1.36986,1.36998,41.029,1.36986,1.36998,,3.1091997575,27.833
1396635729.624,21.283,1.36984,1.36996,33.792,1.36984,1.36996,,1.5877460884,12.509
1396635729.716,14.491,1.36985,1.36996,37.329,1.36985,1.36996,,2.5760126975,22.838
1396635729.813,12.953,1.36984,1.36994,41.859,1.36984,1.36994,,3.2316065776,28.906
1396635730.783,15.857,1.36982,1.36993,16.712,1.36982,1.36993,,1.0539194047,0.855
1396635730.79,31.858,1.36981,1.36993,105.165,1.36981,1.36993,,3.3010546801,73.307
1396635732.131,20.73,1.3698,1.36993,21.608,1.3698,1.36993,,1.0423540762,0.878
1396635732.22,11.825,1.3698,1.36992,32.428,1.3698,1.36992,,2.7423255814,20.603
1396635733.434,12.209,1.3698,1.36991,12.402,1.3698,1.36991,,1.0158080105,0.193
1396635742.411,11.657,1.36981,1.36991,11.434,1.36981,1.36991,,0.9808698636,-0.223
1396635742.413,31.112,1.3698,1.36992,116.342,1.3698,1.36992,,3.7394574441,85.23
1396635742.435,32.01,1.3698,1.36991,95.58,1.3698,1.36991,,2.9859418932,63.57
1396635742.475,11.289,1.36981,1.36993,149.665,1.36981,1.36993,,13.2575958898,138.376
1396635742.614,11.172,1.36984,1.36995,109.167,1.36984,1.36995,,9.7714822771,97.995
1396635744.611,14.891,1.36985,1.36995,15.962,1.36985,1.36995,,1.0719226378,1.071
1396635745.311,16.431,1.36987,1.36997,16.407,1.36987,1.36997,,0.9985393464,-0.024
1396635749.732,14.493,1.36985,1.36995,15.575,1.36985,1.36995,,1.0746567308,1.082
1396635753.31,11.966,1.36984,1.36996,13.06,1.36984,1.36996,,1.0914257062,1.094
1396635753.512,15.786,1.36985,1.36995,17.156,1.36985,1.36995,,1.0867857595,1.37
1396635762.212,15.688,1.36985,1.36997,13.19,1.36985,1.36997,,0.8407700153,-2.498
1396635762.313,11.594,1.36986,1.36997,13.458,1.36986,1.36997,,1.1607728135,1.864
1396635762.611,12.969,1.36985,1.36997,13.751,1.36985,1.36997,,1.0602976328,0.782
1396635762.713,12.385,1.36986,1.36997,14.082,1.36986,1.36997,,1.1370205894,1.697
1396635779.13,34.56,1.36985,1.36994,36.079,1.36985,1.36994,,1.0439525463,1.519
1396635780.056,12.997,1.36984,1.36995,14.635,1.36984,1.36995,,1.1260290836,1.638
1396635782.714,457.733,1.36985,1.36994,538.078,1.36985,1.36994,,1.1755280917,80.345
1396635785.979,24.329,1.36984,1.36995,26.068,1.36984,1.36995,,1.0714784825,1.739
1396635790.121,22.244,1.36986,1.36996,22.856,1.36986,1.36996,,1.0275130372,0.612
1396635794.514,11.138,1.36986,1.36995,74.75,1.36986,1.36995,,6.7112587538,63.612
1396635801.022,14.174,1.36986,1.36997,15.634,1.36986,1.36997,,1.103005503,1.46
1396635805.783,25.696,1.36984,1.36995,26.989,1.36984,1.36995,,1.0503191158,1.293
1396635805.944,21.233,1.36984,1.36996,21.601,1.36984,1.36996,,1.0173315123,0.368
1396635808.003,26.509,1.36983,1.36994,27.636,1.36983,1.36994,,1.0425138632,1.127
1396635809.823,24.842,1.36986,1.36996,24.302,1.36986,1.36996,,0.9782626198,-0.54
1396635810.438,22.868,1.36985,1.36997,24.01,1.36985,1.36997,,1.0499387791,1.142
1396635810.445,52.518,1.36984,1.36997,122.805,1.36984,1.36997,,2.3383411402,70.287
1396635810.86,11.405,1.36985,1.36997,13.001,1.36985,1.36997,,1.1399386234,1.596
1396635810.904,10.944,1.36984,1.36997,72.174,1.36984,1.36997,,6.5948464912,61.23
1396635812.611,14.811,1.36985,1.36997,14.475,1.36985,1.36997,,0.9773141584,-0.336
1396635813.65,13.154,1.36983,1.36997,14.813,1.36983,1.36997,,1.1261213319,1.659
1396635813.923,18.175,1.36984,1.36996,19.877,1.36984,1.36996,,1.0936451169,1.702
1396635814.013,23.025,1.36984,1.36995,34.542,1.36984,1.36995,,1.5001954397,11.517
1396635814.113,33.38,1.36985,1.36995,1226.72,1.36985,1.36995,,36.7501497903,1193.34
1396635814.719,16.248,1.36982,1.36994,644.267,1.36982,1.36994,,39.652080256,628.019
1396635814.802,221.201,1.36981,1.36994,562.862,1.36981,1.36994,,2.5445725833,341.661
1396635819.498,27.221,1.3698,1.36994,100.785,1.3698,1.36994,,3.7024723559,73.564
1396635820.865,13.739,1.3698,1.36994,14.592,1.3698,1.36994,,1.0620860325,0.853
1396635823.013,26.53,1.36983,1.36991,27.647,1.36983,1.36991,,1.0421032793,1.117
1396635823.021,66.121,1.3698,1.36994,119.479,1.3698,1.36994,,1.8069750911,53.358
1396635823.116,25.359,1.36979,1.36992,118.86,1.36979,1.36992,,4.6870933396,93.501
1396635823.15,17.287,1.36977,1.3699,86.312,1.36977,1.3699,,4.9928848267,69.025
1396635823.181,17.168,1.36978,1.3699,57.436,1.36978,1.3699,,3.345526561,40.268
1396635823.413,27.462,1.36976,1.3699,28.46,1.36976,1.3699,,1.0363411259,0.998
1396635824.119,23.484,1.36977,1.36988,24.701,1.36977,1.36988,,1.0518225175,1.217
1396635824.149,39.627,1.36977,1.36989,100.008,1.36977,1.36989,,2.5237338179,60.381
1396635824.536,18.454,1.36978,1.36989,61.22,1.36978,1.36989,,3.3174379538,42.766
1396635824.612,15.077,1.36977,1.3699,87.316,1.36977,1.3699,,5.7913377993,72.239
1396635824.62,40.68,1.36975,1.3699,81.914,1.36975,1.3699,,2.0136184857,41.234
1396635825.111,21.203,1.36978,1.36988,22.598,1.36978,1.36988,,1.0657925765,1.395
1396635835.252,12.138,1.36977,1.36989,13.935,1.36977,1.36989,,1.1480474543,1.797
1396635836.016,27.337,1.36974,1.36986,28.002,1.36974,1.36986,,1.024326005,0.665
1396635836.058,21.672,1.36972,1.36984,72.803,1.36972,1.36984,,3.3593115541,51.131
1396635836.643,100.373,1.3697,1.36982,817.023,1.3697,1.36982,,8.1398682913,716.65
1396635838.063,25.187,1.36972,1.36982,26.445,1.36972,1.36982,,1.0499464009,1.258
1396635838.119,30.257,1.36972,1.36983,68.431,1.36972,1.36983,,2.2616584592,38.174
1396635838.121,55.009,1.36972,1.36985,163.256,1.36972,1.36985,,2.9678052682,108.247
1396635838.215,22.694,1.36972,1.36984,70.729,1.36972,1.36984,,3.1166387591,48.035
1396635838.421,22.576,1.36973,1.36983,23.585,1.36973,1.36983,,1.0446934798,1.009
1396635840.122,41.467,1.36974,1.36985,16.773,1.36975,1.36985,,0.4044903176,-24.694
1396635840.122,41.467,1.36974,1.36985,16.773,1.36975,1.36985,121.317,0.4044903176,-24.694
1396635842.626,29.423,1.36971,1.36982,30.689,1.36971,1.36982,,1.0430275635,1.266
1396635842.72,19.772,1.36972,1.36982,32.634,1.36972,1.36982,,1.650515881,12.862
1396635844.619,23.713,1.36972,1.36983,25.331,1.36972,1.36983,,1.068232615,1.618
1396635847.425,19.244,1.36972,1.36982,19.389,1.36972,1.36982,,1.007534816,0.145
1396635850.847,18.824,1.36975,1.36985,19.825,1.36975,1.36985,,1.0531767956,1.001
1396635855.306,12.734,1.36974,1.36986,13.51,1.36974,1.36986,,1.0609392178,0.776
1396635857.427,10.449,1.36975,1.36985,11.775,1.36975,1.36985,,1.1269020959,1.326
1396635858.732,11.478,1.36976,1.36985,12.136,1.36976,1.36985,,1.0573270605,0.658
1396635870.72,12.676,1.36976,1.36985,13.935,1.36976,1.36985,,1.0993215525,1.259
1396635873.314,11.852,1.36973,1.36987,12.28,1.36973,1.36987,,1.0361120486,0.428
1396635873.512,11.247,1.36974,1.36986,11.883,1.36974,1.36986,,1.0565484129,0.636
1396635877.57,12.313,1.36976,1.36985,12.679,1.36976,1.36985,,1.0297246812,0.366
1396635877.712,10.861,1.36975,1.36986,11.912,1.36975,1.36986,,1.0967682534,1.051
1396635877.812,11.575,1.36975,1.36985,13.898,1.36975,1.36985,,1.2006911447,2.323
1396635881.064,15.897,1.36973,1.36985,11.841,1.36973,1.36985,,0.7448575203,-4.056
1396635881.113,11.327,1.36973,1.36984,63.87,1.36973,1.36984,,5.6387392955,52.543
1396635883.412,11.146,1.36975,1.36985,11.996,1.36975,1.36985,,1.0762605419,0.85
1396635885.712,12.282,1.36976,1.36985,12.919,1.36976,1.36985,,1.0518645172,0.637
1396635885.811,11.389,1.36975,1.36985,14.32,1.36975,1.36985,,1.2573535868,2.931
1396635896.068,13.653,1.36975,1.36985,14.412,1.36975,1.36985,,1.0555921775,0.759
1396635899.419,11.034,1.36975,1.36987,12.517,1.36975,1.36987,,1.1344027551,1.483
1396635899.491,11.601,1.36976,1.36987,39.682,1.36976,1.36987,,3.4205671925,28.081
1396635899.523,11.683,1.36976,1.36988,109.478,1.36976,1.36988,,9.370709578,97.795
1396635899.555,16.201,1.36979,1.36991,79.699,1.36979,1.36991,,4.9193876921,63.498
1396635899.612,11.214,1.36979,1.3699,123.629,1.36979,1.3699,,11.0245229178,112.415
1396635901.242,12.28,1.3698,1.36989,12.681,1.3698,1.36989,,1.0326547231,0.401
1396635901.616,19.95,1.3698,1.36991,22.035,1.3698,1.36991,,1.1045112782,2.085
1396635901.676,12.544,1.36981,1.36991,64.106,1.36981,1.36991,,5.1104910714,51.562
1396635906.813,12.309,1.36982,1.36993,12.468,1.36982,1.36993,,1.0129173775,0.159
1396635906.831,11.179,1.36982,1.36996,94.844,1.36982,1.36996,,8.4841220145,83.665
1396635906.915,12.888,1.36983,1.36996,112.044,1.36983,1.36996,,8.6936685289,99.156
1396635907.121,13.587,1.36984,1.36995,13.924,1.36984,1.36995,,1.0248031206,0.337
1396635908.811,14.774,1.36983,1.36996,14.893,1.36983,1.36996,,1.0080546907,0.119
1396635908.934,13.042,1.36986,1.36998,14.035,1.36986,1.36998,,1.076138629,0.993
1396635909.112,12.53,1.36986,1.36997,13.383,1.36986,1.36997,,1.0680766161,0.853
1396635909.96,11.723,1.36986,1.36997,12.587,1.36986,1.36997,,1.073701271,0.864
1396635920.413,11.147,1.36985,1.36997,12.038,1.36985,1.36997,,1.0799318202,0.891
1396635920.524,12.05,1.36983,1.36994,13.449,1.36983,1.36994,,1.1160995851,1.399
1396635920.718,11.46,1.36981,1.36992,11.845,1.36981,1.36992,,1.0335951134,0.385
1396635920.814,15.863,1.36982,1.36992,17.268,1.36982,1.36992,,1.0885708882,1.405
1396635920.918,11.732,1.36981,1.36993,13.389,1.36981,1.36993,,1.1412376406,1.657
1396635921.008,14.052,1.36982,1.36993,22.219,1.36982,1.36993,,1.5811984059,8.167
1396635921.122,11.714,1.36982,1.36992,12.717,1.36982,1.36992,,1.0856240396,1.003
1396635921.461,11.484,1.36981,1.36992,11.783,1.36981,1.36992,,1.0260362243,0.299
1396635923.88,11.56,1.36983,1.36993,12.715,1.36983,1.36993,,1.0999134948,1.155
1396635926.538,14.972,1.36983,1.36993,16.523,1.36983,1.36993,,1.1035933743,1.551
1396635931.217,21.632,1.36985,1.36996,21.086,1.36985,1.36996,,0.9747596154,-0.546
1396635931.518,18.96,1.36985,1.36998,19.108,1.36985,1.36998,,1.0078059072,0.148
1396635931.721,11.228,1.36985,1.36996,11.065,1.36985,1.36996,,0.9854827218,-0.163
1396635936.623,15.288,1.36984,1.36996,15.207,1.36984,1.36996,,0.9947017268,-0.081
1396635936.715,12.425,1.36981,1.36994,20.932,1.36981,1.36994,,1.684668008,8.507
1396635936.727,20.518,1.36978,1.36991,110.033,1.36978,1.36991,,5.3627546544,89.515
1396635936.802,12.42,1.36978,1.3699,133.947,1.36978,1.3699,,10.7847826087,121.527
1396635937.013,11.659,1.36979,1.36989,26.044,1.36979,1.36989,,2.2338107899,14.385
1396635937.311,11.552,1.36979,1.36991,11.901,1.36979,1.36991,,1.0302112188,0.349
1396635937.611,11.028,1.36979,1.3699,12.153,1.36979,1.3699,,1.1020130577,1.125
1396635939.111,12.315,1.36979,1.36991,12.872,1.36979,1.36991,,1.045229395,0.557
1396635942.411,12.823,1.3698,1.3699,11.178,1.3698,1.3699,,0.8717148873,-1.645
1396635943.311,11.376,1.36979,1.36991,11.328,1.36979,1.36991,,0.9957805907,-0.048
1396635945.811,11.301,1.3698,1.3699,12.344,1.3698,1.3699,,1.0922927175,1.043
1396635956.012,13.217,1.36979,1.36991,12.706,1.36979,1.36991,,0.9613376712,-0.511
1396635963.718,12.984,1.36976,1.3699,12.993,1.36976,1.3699,,1.0006931608,0.009
1396635963.86,11.665,1.36976,1.36988,12.457,1.36976,1.36988,,1.0678954136,0.792
1396635964.334,13.543,1.36976,1.36986,13.964,1.36976,1.36986,,1.03108617,0.421
1396635964.983,12.318,1.36975,1.36987,12.412,1.36975,1.36987,,1.0076311089,0.094
1396635980.712,12.931,1.36976,1.36986,13.713,1.36976,1.36986,,1.0604748279,0.782
1396636023.071,15.005,1.36974,1.36984,16.442,1.36974,1.36984,,1.0957680773,1.437
1396636028.067,11.937,1.36976,1.36986,13.071,1.36976,1.36986,,1.0949987434,1.134
1396636031.305,11.92,1.36974,1.36986,12.469,1.36974,1.36986,,1.046057047,0.549
1396636031.413,12.728,1.36973,1.36984,13.178,1.36973,1.36984,,1.0353551226,0.45
1396636031.909,13.246,1.36975,1.36984,12.689,1.36975,1.36984,,0.9579495697,-0.557
1396636032,11.669,1.36973,1.36984,21.381,1.36973,1.36984,,1.8322906847,9.712
1396636032.211,12.277,1.36972,1.36982,13.245,1.36972,1.36982,,1.0788466238,0.968
1396636045.337,12.041,1.36971,1.36982,13.074,1.36971,1.36982,,1.0857902168,1.033
1396636045.452,14.89,1.36971,1.36981,16.46,1.36971,1.36981,,1.1054398925,1.57
1396636045.721,12.17,1.36972,1.36981,12.748,1.36972,1.36981,,1.0474938373,0.578
1396636045.722,26.692,1.36971,1.36982,111.72,1.36971,1.36982,,4.1855237524,85.028
1396636048.725,12.965,1.36973,1.36985,13.937,1.36973,1.36985,,1.074971076,0.972
1396636048.952,20.318,1.36971,1.36983,19.011,1.36971,1.36983,,0.9356728024,-1.307
1396636049.113,11.224,1.36972,1.36982,12.302,1.36972,1.36982,,1.096044191,1.078
1396636049.194,13.394,1.36971,1.36983,31.581,1.36971,1.36983,,2.3578467971,18.187
1396636049.926,11.38,1.36972,1.36983,13.044,1.36972,1.36983,,1.1462214411,1.664
1396636050.041,13.163,1.36972,1.36982,14.319,1.36972,1.36982,,1.0878219251,1.156
1396636052.803,12.424,1.36972,1.36981,12.412,1.36972,1.36981,,0.9990341275,-0.012
1396636053.414,16.847,1.36972,1.36982,17.934,1.36972,1.36982,,1.0645218733,1.087
1396636061.948,11.973,1.36971,1.36984,12.742,1.36971,1.36984,,1.064227846,0.769
1396636062.013,11.52,1.36972,1.36984,50.18,1.36972,1.36984,,4.3559027778,38.66
1396636062.312,11.633,1.36973,1.36982,12.178,1.36973,1.36982,,1.0468494799,0.545
1396636070.978,12.089,1.36971,1.36982,13.705,1.36971,1.36982,,1.133675242,1.616
1396636079.737,11.894,1.36971,1.36982,12.7,1.36971,1.36982,,1.0677652598,0.806
1396636089.411,13.241,1.36973,1.36982,14.085,1.36973,1.36982,,1.0637414093,0.844
1396636097.287,14.367,1.36973,1.36981,15.304,1.36973,1.36981,,1.0652189044,0.937
1396636097.993,11.977,1.36972,1.36982,12.535,1.36972,1.36982,,1.0465892962,0.558
1396636097.999,26.052,1.36971,1.36983,107.659,1.36971,1.36983,,4.1324658376,81.607
1396636098.111,12.219,1.36971,1.36982,96.386,1.36971,1.36982,,7.8882068909,84.167
1396636102.779,11.778,1.3697,1.36982,13.285,1.3697,1.36982,,1.127950416,1.507
1396636114.713,11.357,1.36972,1.36983,12.788,1.36972,1.36983,,1.1260015849,1.431
1396636115.222,12.619,1.36975,1.36986,13.48,1.36975,1.36986,,1.0682304462,0.861
1396636122.415,13.756,1.36976,1.36989,14.577,1.36976,1.36989,,1.0596830474,0.821
1396636122.467,12.041,1.36979,1.36992,61.406,1.36979,1.36992,,5.0997425463,49.365
1396636122.515,11.943,1.36979,1.36991,113.804,1.36979,1.36991,,9.5289290798,101.861
1396636123.657,11.684,1.3698,1.3699,12.485,1.3698,1.3699,,1.0685552893,0.801
1396636133.03,12.439,1.36979,1.36991,13.985,1.36979,1.36991,,1.1242865182,1.546
1396636133.113,11.725,1.36979,1.3699,28.437,1.36979,1.3699,,2.4253304904,16.712
1396636133.307,12.59,1.36979,1.36988,12.102,1.36979,1.36988,,0.9612390786,-0.488
1396636133.329,13.294,1.36978,1.36989,91.4,1.36978,1.36989,,6.8752820821,78.106
1396636135.113,13.303,1.36979,1.36988,12.86,1.36979,1.36988,,0.9666992408,-0.443
1396636135.522,18.946,1.36979,1.3699,14.881,1.36979,1.3699,,0.7854428375,-4.065
1396636136.311,11.62,1.36979,1.36991,12.833,1.36979,1.36991,,1.1043889845,1.213
1396636153.555,13.185,1.36979,1.3699,14.49,1.36979,1.3699,,1.0989761092,1.305
1396636153.623,17.691,1.36976,1.36987,44.49,1.36976,1.36987,,2.5148380532,26.799
1396636154.914,14.559,1.36976,1.36988,14.776,1.36976,1.36988,,1.0149048698,0.217
1396636155.223,16.409,1.36976,1.36986,17.264,1.36976,1.36986,,1.0521055518,0.855
1396636158.093,20.82,1.36974,1.36986,21.813,1.36974,1.36986,,1.0476945245,0.993
1396636158.115,37.902,1.36975,1.36986,93.791,1.36975,1.36986,,2.474565986,55.889
1396636158.257,12.423,1.36973,1.36986,53.446,1.36973,1.36986,,4.3021814377,41.023
1396636158.33,11.575,1.36974,1.36986,78.073,1.36974,1.36986,,6.7449676026,66.498
1396636158.526,12.651,1.36975,1.36986,13.399,1.36975,1.36986,,1.0591257608,0.748
1396636159.446,13.301,1.36975,1.36985,13.67,1.36975,1.36985,,1.027742275,0.369
1396636159.515,12.533,1.36977,1.36988,47.057,1.36977,1.36988,,3.75464773,34.524
1396636159.518,31.747,1.36976,1.36989,143.281,1.36976,1.36989,,4.513213847,111.534
1396636159.615,12.048,1.36976,1.36988,48.657,1.36976,1.36988,,4.0385956175,36.609
1396636159.805,12.54,1.36976,1.36989,12.665,1.36976,1.36989,,1.0099681021,0.125
1396636160.119,11.906,1.36976,1.36988,12.423,1.36976,1.36988,,1.043423484,0.517
1396636162.012,20.233,1.36979,1.36988,19.128,1.36979,1.36988,,0.9453862502,-1.105
1396636163.421,15.538,1.36979,1.36989,16.962,1.36979,1.36989,,1.0916462865,1.424
1396636165.115,30.362,1.36977,1.3699,13.725,1.36978,1.36989,,0.4520453198,-16.637
1396636165.115,30.362,1.36977,1.3699,13.725,1.36978,1.36989,112.075,0.4520453198,-16.637
1396636165.214,11.866,1.36976,1.36988,114.183,1.36976,1.36988,,9.6227035227,102.317
1396636165.412,12.985,1.36979,1.3699,16.757,1.36979,1.3699,,1.2904890258,3.772
1396636175.381,13.838,1.36979,1.3699,14.797,1.36979,1.3699,,1.0693019222,0.959
1396636194.007,12.696,1.36979,1.36991,13.342,1.36979,1.36991,,1.0508821676,0.646
1396636210.056,11.792,1.36979,1.36991,12.936,1.36979,1.36991,,1.0970149254,1.144
1396636212.189,11.85,1.36982,1.36992,28.238,1.36982,1.36992,,2.3829535865,16.388
1396636216.473,14.054,1.36981,1.36993,15.141,1.36981,1.36993,,1.0773445282,1.087
1396636216.715,12.93,1.36979,1.36991,13.28,1.36979,1.36991,,1.0270688322,0.35
1396636216.722,21.809,1.36977,1.36989,106.966,1.36977,1.36989,,4.904672383,85.157
1396636219.635,12.197,1.36976,1.36987,13.003,1.36976,1.36987,,1.0660818234,0.806
1396636220.52,12.072,1.36976,1.36988,12.022,1.36976,1.36988,,0.9958581842,-0.05
1396636220.82,12.243,1.36978,1.36988,13.161,1.36978,1.36988,,1.0749816222,0.918
1396636221.952,12.425,1.36978,1.36989,12.656,1.36978,1.36989,,1.0185915493,0.231
1396636222.784,11.163,1.36979,1.36988,12.617,1.36979,1.36988,,1.1302517244,1.454
1396636225.614,11.634,1.3698,1.36991,12.525,1.3698,1.36991,,1.076585869,0.891
1396636225.62,22.055,1.3698,1.36992,106.73,1.3698,1.36992,,4.8392654727,84.675
1396636225.812,11.539,1.36981,1.36992,16.014,1.36981,1.36992,,1.3878152353,4.475
1396636227.515,17.098,1.36978,1.3699,18.667,1.36978,1.3699,,1.0917651187,1.569
1396636227.613,13.784,1.36976,1.36987,15.878,1.36976,1.36987,,1.1519152641,2.094
1396636230.322,15.282,1.36978,1.36989,12.538,1.36978,1.36989,,0.8204423505,-2.744
1396636230.411,12.303,1.36978,1.36988,24.291,1.36978,1.36988,,1.9743964887,11.988
1396636233.722,14.309,1.36979,1.36988,12.884,1.36979,1.36988,,0.9004123279,-1.425
1396636239.558,15.509,1.36979,1.36989,101.63,1.36979,1.36989,,6.5529692437,86.121
1396636239.808,11.922,1.36981,1.36991,13.495,1.36981,1.36991,,1.1319409495,1.573
1396636239.811,25.701,1.3698,1.36991,110.348,1.3698,1.36991,,4.2935294347,84.647
1396636239.853,11.986,1.36982,1.36993,70.865,1.36982,1.36993,,5.9123143668,58.879
1396636244.527,14.485,1.36981,1.36993,16.14,1.36981,1.36993,,1.114256127,1.655
1396636247.516,12.486,1.36979,1.36991,13.708,1.36979,1.36991,,1.097869614,1.222
1396636247.523,20.641,1.36978,1.36991,105.927,1.36978,1.36991,,5.1318734557,85.286
1396636247.547,12.675,1.36979,1.36991,83.702,1.36979,1.36991,,6.6037080868,71.027
1396636248.056,13.094,1.36979,1.3699,13.718,1.36979,1.3699,,1.0476554147,0.624
1396636248.062,24.523,1.36978,1.3699,107.499,1.36978,1.3699,,4.3835990703,82.976
1396636248.353,13.728,1.36979,1.3699,15.098,1.36979,1.3699,,1.0997960373,1.37
1396636248.513,12.353,1.36977,1.36987,14.476,1.36977,1.36987,,1.1718610864,2.123
1396636248.525,15.825,1.36978,1.36989,102.636,1.36978,1.36989,,6.4856872038,86.811
1396636259.832,15.481,1.36977,1.36989,16.955,1.36977,1.36989,,1.0952134875,1.474
1396636260.054,12.052,1.36976,1.36986,12.86,1.36976,1.36986,,1.0670428145,0.808
1396636260.112,12.994,1.36975,1.36987,54.821,1.36975,1.36987,,4.2189472064,41.827
1396636261.016,12.033,1.36973,1.36985,13.209,1.36973,1.36985,,1.0977312391,1.176
1396636299.069,17.114,1.36977,1.36986,18.639,1.36977,1.36986,,1.0891083324,1.525
1396636299.072,243.643,1.36976,1.36987,109.53,1.36976,1.36987,,0.4495511876,-134.113
1396636304.821,11.419,1.36978,1.3699,12.552,1.36978,1.3699,,1.0992205973,1.133
1396636305.911,13.258,1.36977,1.36987,14.168,1.36977,1.36987,,1.0686378036,0.91
1396636345.811,12.087,1.36978,1.36986,12.124,1.36978,1.36986,,1.0030611401,0.037
1396636347.212,12.886,1.36977,1.36987,13.503,1.36977,1.36987,,1.0478814217,0.617
1396636352.111,18.912,1.36977,1.36988,104.486,1.36977,1.36988,,5.5248519459,85.574
1396636354.623,11.28,1.36975,1.36986,49.143,1.36975,1.36986,,4.3566489362,37.863
1396636359.016,12.093,1.36977,1.36987,12.93,1.36977,1.36987,,1.0692135946,0.837
1396636359.029,15.921,1.36979,1.36989,99.76,1.36979,1.36989,,6.2659380692,83.839
1396636359.725,14.062,1.36977,1.36988,12.606,1.36977,1.36988,,0.8964585407,-1.456
1396636364.434,11.979,1.36977,1.36987,12.139,1.36977,1.36987,,1.0133567076,0.16
1396636367.552,13.424,1.36977,1.36988,13.001,1.36977,1.36988,,0.9684892729,-0.423
1396636371.875,13.711,1.36977,1.36989,14.462,1.36977,1.36989,,1.0547735395,0.751
1396636371.913,15.377,1.36979,1.36991,76.637,1.36979,1.36991,,4.9838720166,61.26
1396636372.025,12.636,1.36981,1.36993,63.598,1.36981,1.36993,,5.0330800886,50.962
1396636372.216,12.723,1.36983,1.36994,85.596,1.36983,1.36994,,6.7276585711,72.873
1396636372.622,12.418,1.36985,1.36996,12.869,1.36985,1.36996,,1.0363182477,0.451
1396636372.741,11.546,1.36988,1.36999,13.145,1.36988,1.36999,,1.1384895202,1.599
1396636372.883,12.263,1.36988,1.37,11.821,1.36988,1.37,,0.9639566175,-0.442
1396636373.222,14.285,1.36988,1.36999,15.284,1.36988,1.36999,,1.0699334967,0.999
1396636374.614,12.729,1.36987,1.36999,62.236,1.36987,1.36999,,4.8893078796,49.507
1396636374.616,28.772,1.36985,1.37,62.435,1.36985,1.37,,2.1699916586,33.663
1396636374.656,21.726,1.36983,1.36997,127.251,1.36983,1.36997,,5.8570836785,105.525
1396636374.986,11.979,1.36983,1.36995,13.206,1.36983,1.36995,,1.1024292512,1.227
1396636375.211,12.362,1.36984,1.36994,13.093,1.36984,1.36994,,1.0591328264,0.731
1396636375.636,12.899,1.36986,1.36996,13.177,1.36986,1.36996,,1.0215520583,0.278
1396636375.714,12.494,1.36985,1.36997,35.234,1.36985,1.36997,,2.8200736353,22.74
1396636382.024,12.343,1.36983,1.36994,13.797,1.36983,1.36994,,1.1177995625,1.454
1396636386.818,12.188,1.36984,1.36996,13.936,1.36984,1.36996,,1.1434197571,1.748
1396636390.805,12.275,1.36984,1.36995,13.961,1.36984,1.36995,,1.1373523422,1.686
1396636390.837,12.946,1.36982,1.36993,81.591,1.36982,1.36993,,6.3024100108,68.645
1396636390.893,12.329,1.36983,1.36993,125.244,1.36983,1.36993,,10.1584881174,112.915
1396636391.935,14.7,1.36981,1.36991,15.665,1.36981,1.36991,,1.0656462585,0.965
1396636392.312,914.817,1.36979,1.36989,16.191,1.36979,1.36989,,0.0176986217,-898.626
1396636410.771,14.839,1.36981,1.36991,16.446,1.36981,1.36991,,1.1082957073,1.607
1396636411.043,19.186,1.36981,1.36992,18.587,1.36981,1.36992,,0.9687793183,-0.599
1396636411.513,12.834,1.3698,1.36989,13.531,1.3698,1.36989,,1.0543088671,0.697
1396636412.595,13.382,1.36979,1.36991,14.89,1.36979,1.36991,,1.1126886863,1.508
1396636412.807,12.807,1.36982,1.36993,13.588,1.36982,1.36993,,1.0609822753,0.781
1396636412.858,12.182,1.36982,1.36995,62.213,1.36982,1.36995,,5.1069610901,50.031
1396636413.079,14.979,1.36984,1.36995,15.819,1.36984,1.36995,,1.0560785099,0.84
1396636414.424,13.448,1.36986,1.36995,14.993,1.36986,1.36995,,1.114886972,1.545
1396636414.605,11.941,1.36985,1.36996,73.919,1.36985,1.36996,,6.1903525668,61.978
1396636414.911,12.304,1.36983,1.36997,12.88,1.36983,1.36997,,1.0468140442,0.576
1396636415.083,13.881,1.36982,1.36994,13.417,1.36982,1.36994,,0.9665730135,-0.464
1396636415.21,12.606,1.36983,1.36994,13.459,1.36983,1.36994,,1.0676661907,0.853
1396636423.019,22.965,1.36983,1.36996,23.744,1.36983,1.36996,,1.0339211844,0.779
1396636423.032,32.927,1.36986,1.36999,102.027,1.36986,1.36999,,3.0985817111,69.1
1396636423.116,13.522,1.36986,1.36998,125.606,1.36986,1.36998,,9.2890105014,112.084
1396636427.419,14.262,1.36988,1.36998,15.426,1.36988,1.36998,,1.0816154817,1.164
1396636435.219,12.597,1.36988,1.36999,12.111,1.36988,1.36999,,0.9614193856,-0.486
1396636437.716,13.235,1.36988,1.37,13.946,1.36988,1.37,,1.0537211938,0.711
1396636442.521,12.211,1.36989,1.36999,13.961,1.36989,1.36999,,1.1433134059,1.75
1396636445.373,12.994,1.36989,1.37,13.151,1.36989,1.37,,1.0120824996,0.157
1396636445.612,12.18,1.3699,1.36999,13.289,1.3699,1.36999,,1.0910509031,1.109
1396636451.479,12.112,1.3699,1.36999,13.048,1.3699,1.36999,,1.0772787318,0.936
1396636468.811,13.063,1.36988,1.37,13.463,1.36988,1.37,,1.0306208375,0.4
1396636468.912,14.847,1.36988,1.36999,16.102,1.36988,1.36999,,1.084528861,1.255
1396636469.71,13.226,1.36989,1.36998,13.028,1.36989,1.36998,,0.9850294874,-0.198
1396636473.122,12.34,1.36988,1.36999,13.172,1.36988,1.36999,,1.0674230146,0.832
1396636476.424,15.367,1.36988,1.36997,17.137,1.36988,1.36997,,1.1151818833,1.77
1396636476.536,15.288,1.36986,1.36997,13.481,1.36986,1.36997,,0.8818027211,-1.807
1396636476.582,12.201,1.36983,1.36997,69.364,1.36983,1.36997,,5.6851077781,57.163
1396636476.624,15.667,1.3698,1.36995,126.32,1.3698,1.36995,,8.0628071743,110.653
1396636476.647,13.059,1.36977,1.36992,104.833,1.36977,1.36992,,8.0276437706,91.774
1396636476.715,12.391,1.36978,1.36992,38.512,1.36978,1.36992,,3.1080623033,26.121
1396636476.803,24.725,1.36978,1.36991,46.695,1.36978,1.36991,,1.8885743175,21.97
1396636477.013,12.738,1.36979,1.3699,13.82,1.36979,1.3699,,1.0849426912,1.082
1396636478.21,12.427,1.3698,1.36989,12.87,1.3698,1.36989,,1.0356481854,0.443
1396636479.963,13.711,1.36978,1.36989,15.21,1.36978,1.36989,,1.1093282766,1.499
1396636480.117,18.336,1.36981,1.36992,20.027,1.36981,1.36992,,1.0922229494,1.691
1396636481.764,14.796,1.3698,1.36989,13.061,1.3698,1.36989,,0.882738578,-1.735
1396636483.407,12.663,1.36979,1.3699,12.931,1.36979,1.3699,,1.0211640212,0.268
1396636485.012,12.191,1.36982,1.36991,12.688,1.36982,1.36991,,1.0407677795,0.497
1396636486.313,13.901,1.36981,1.36992,13.417,1.36981,1.36992,,0.965182361,-0.484
1396636488.929,17.195,1.36983,1.36994,17.982,1.36983,1.36994,,1.0457691189,0.787
1396636490.522,12.247,1.36986,1.36996,13.808,1.36986,1.36996,,1.1274597861,1.561
1396636490.546,15.095,1.36985,1.36997,3488.155,1.36985,1.36997,,231.080158993,3473.06
1396636490.619,16.342,1.36987,1.36999,3430.375,1.36987,1.36999,,209.9115775303,3414.033
1396636492.174,13.049,1.36989,1.36999,1878.137,1.36989,1.36999,,143.9295731474,1865.088
1396636492.176,28.701,1.36988,1.37,1877.609,1.36988,1.37,,65.4196369464,1848.908
1396636492.521,12.133,1.36989,1.36999,1534.914,1.36989,1.36999,,126.5073765763,1522.781
1396636492.528,21.081,1.36988,1.37,1529.503,1.36988,1.37,,72.5536264883,1508.422
1396636493.194,14.355,1.36988,1.36999,865.425,1.36988,1.36999,,60.2873563218,851.07
1396636497.018,12.236,1.36988,1.36998,13.581,1.36988,1.36998,,1.109921543,1.345
1396636497.643,12.073,1.36989,1.36998,12.844,1.36989,1.36998,,1.0638615092,0.771
1396636502.512,12.617,1.36989,1.37,13.957,1.36989,1.37,,1.1062059127,1.34
1396636505.547,14.017,1.36991,1.37002,15.115,1.36991,1.37002,,1.0783334522,1.098
1396636505.625,15.762,1.36993,1.37003,36.27,1.36993,1.37003,,2.3011039208,20.508
1396636505.627,31.339,1.36992,1.37004,135.903,1.36992,1.37004,,4.3365455184,104.564
1396636505.674,16.149,1.36993,1.37004,90.599,1.36993,1.37004,,5.6101925816,74.45
1396636505.808,11.863,1.36993,1.37005,55.689,1.36993,1.37005,,4.6943437579,43.826
1396636505.879,13.036,1.36993,1.37004,85.307,1.36993,1.37004,,6.543955201,72.271
1396636506.111,12.78,1.36993,1.37002,13.478,1.36993,1.37002,,1.0546165884,0.698
1396636506.124,15.99,1.36992,1.37002,100.579,1.36992,1.37002,,6.2901188243,84.589
1396636506.826,13.797,1.3699,1.37001,14.755,1.3699,1.37001,,1.0694353845,0.958
1396636512.621,14.943,1.36989,1.36999,15.337,1.36989,1.36999,,1.0263668607,0.394
1396636513.025,16.834,1.36989,1.36999,17.665,1.36989,1.36999,,1.0493643816,0.831
1396636513.693,18.726,1.36989,1.36998,19.194,1.36989,1.36998,,1.0249919897,0.468
1396636515.519,11.796,1.36989,1.36999,13.536,1.36989,1.36999,,1.1475076297,1.74
1396636526.417,12.197,1.36989,1.37,13.266,1.36989,1.37,,1.0876445027,1.069
1396636545.893,20.305,1.36987,1.36999,21.262,1.36987,1.36999,,1.0471312485,0.957
1396636546.167,13.354,1.36985,1.36997,12.866,1.36985,1.36997,,0.9634566422,-0.488
1396636549.729,11.678,1.36985,1.36997,12.415,1.36985,1.36997,,1.0631101216,0.737
1396636551.211,12.513,1.36986,1.36996,13.188,1.36986,1.36996,,1.0539438983,0.675
1396636551.478,13.896,1.36987,1.36995,12.542,1.36987,1.36995,,0.9025618883,-1.354
1396636552.893,13.304,1.36984,1.36996,12.551,1.36984,1.36996,,0.9434004811,-0.753
1396636553.331,16.915,1.36983,1.36994,18.449,1.36983,1.36994,,1.0906887378,1.534
1396636553.424,15.867,1.36981,1.36992,26.029,1.36981,1.36992,,1.6404487301,10.162
1396636553.516,15.682,1.36981,1.36991,29.266,1.36981,1.36991,,1.8662160439,13.584
1396636553.525,29.013,1.3698,1.36992,119.174,1.3698,1.36992,,4.1076069348,90.161
1396636553.662,12.95,1.36979,1.3699,82.124,1.36979,1.3699,,6.3416216216,69.174
1396636558.312,18.629,1.36982,1.36993,20.044,1.36982,1.36993,,1.0759568415,1.415
1396636558.32,28.253,1.36984,1.36995,105.934,1.36984,1.36995,,3.7494779315,77.681
1396636579.715,11.786,1.36986,1.36997,12.655,1.36986,1.36997,,1.0737315459,0.869
1396636580.064,15.403,1.36988,1.36996,12.299,1.36988,1.36996,,0.7984808154,-3.104
1396636581.943,12.996,1.36987,1.36997,12.765,1.36987,1.36997,,0.9822253001,-0.231
1396636593.436,12.811,1.36986,1.36998,13.09,1.36986,1.36998,,1.0217781594,0.279
1396636597.997,12.25,1.36986,1.36998,12.146,1.36986,1.36998,,0.9915102041,-0.104
1396636598.446,12.572,1.36986,1.36996,13.618,1.36986,1.36996,,1.0832007636,1.046
1396636599.906,15.186,1.36985,1.36996,15.783,1.36985,1.36996,,1.0393125247,0.597
1396636599.922,15.581,1.36984,1.36996,96.677,1.36984,1.36996,,6.2048007188,81.096
1396636601.104,12.689,1.36984,1.36996,13.297,1.36984,1.36996,,1.0479155174,0.608
1396636607.56,12.74,1.36981,1.36993,13.37,1.36981,1.36993,,1.0494505495,0.63
1396636607.564,27.108,1.3698,1.36994,108.574,1.3698,1.36994,,4.005238306,81.466
1396636607.61,12.397,1.36981,1.36994,64.354,1.36981,1.36994,,5.1910946197,51.957
1396636607.723,14.56,1.36978,1.36991,52.28,1.36978,1.36991,,3.5906593407,37.72
1396636607.912,24.8,1.36979,1.3699,25.906,1.36979,1.3699,,1.0445967742,1.106
1396636614.132,16.924,1.3698,1.36994,18.045,1.3698,1.36994,,1.0662372961,1.121
1396636614.224,13.383,1.3698,1.36995,24.554,1.3698,1.36995,,1.8347156841,11.171
1396636614.299,12.24,1.3698,1.36994,53.157,1.3698,1.36994,,4.3428921569,40.917
1396636614.489,13.077,1.36981,1.36993,13.187,1.36981,1.36993,,1.0084117152,0.11
1396636614.555,12.212,1.3698,1.36994,48.025,1.3698,1.36994,,3.9326072715,35.813
1396636614.638,12.83,1.36981,1.36994,66.114,1.36981,1.36994,,5.1530787217,53.284
1396636616.536,15.216,1.36982,1.36992,14.508,1.36982,1.36992,,0.9534700315,-0.708
1396636621.514,12.394,1.36981,1.36993,13.09,1.36981,1.36993,,1.0561562046,0.696
1396636622.016,12.753,1.36984,1.36995,12.923,1.36984,1.36995,,1.0133301968,0.17
1396636629.312,13.132,1.36984,1.36994,14.238,1.36984,1.36994,,1.0842217484,1.106
1396636632.055,13.81,1.36986,1.36996,14.539,1.36986,1.36996,,1.0527878349,0.729
1396636632.121,19.338,1.36986,1.36998,146.447,1.36986,1.36998,,7.573016858,127.109
1396636632.298,16.538,1.36988,1.36998,70.321,1.36988,1.36998,,4.2520861047,53.783
1396636633.792,12.792,1.36987,1.36999,12.7,1.36987,1.36999,,0.992808005,-0.092
1396636633.887,13.193,1.36986,1.36997,17.647,1.36986,1.36997,,1.3376032745,4.454
1396636639.016,13.304,1.36985,1.36997,15.01,1.36985,1.36997,,1.1282321106,1.706
1396636640.412,13.28,1.36986,1.36996,13.148,1.36986,1.36996,,0.990060241,-0.132
1396636644.719,14.077,1.36986,1.36995,15.066,1.36986,1.36995,,1.0702564467,0.989
1396636646.32,14.196,1.36985,1.36995,15.794,1.36985,1.36995,,1.1125669203,1.598
1396636646.415,13.559,1.36984,1.36995,17.465,1.36984,1.36995,,1.2880743418,3.906
1396636646.514,16.437,1.36979,1.36993,1135.179,1.36979,1.36993,,69.0624201497,1118.742
1396636646.625,12.892,1.3698,1.36992,1025.902,1.3698,1.36992,,79.5766366739,1013.01
1396636646.748,13.07,1.36981,1.36992,904.358,1.36981,1.36992,,69.1934200459,891.288
1396636647.31,13.088,1.36981,1.36991,345.411,1.36981,1.36991,,26.3914272616,332.323
1396636647.418,17.098,1.3698,1.36992,239.548,1.3698,1.36992,,14.0102936016,222.45
1396636648.059,13.439,1.36981,1.36991,13.3,1.36981,1.36991,,0.9896569685,-0.139
1396636650.899,12.188,1.36979,1.36993,12.808,1.36979,1.36993,,1.0508697079,0.62
1396636650.917,15.488,1.36982,1.36996,95.022,1.36982,1.36996,,6.1352014463,79.534
1396636650.948,11.784,1.36984,1.36997,66.655,1.36984,1.36997,,5.6563985064,54.871
1396636651.212,11.894,1.36985,1.36996,12.488,1.36985,1.36996,,1.0499411468,0.594
1396636658.55,13.487,1.36983,1.36994,14.956,1.36983,1.36994,,1.1089197005,1.469
1396636658.589,12.776,1.36982,1.36994,74.007,1.36982,1.36994,,5.792658109,61.231
1396636658.615,12.895,1.36981,1.36994,150.027,1.36981,1.36994,,11.6345094998,137.132
1396636658.617,27.447,1.36979,1.36995,150.501,1.36979,1.36995,,5.4833315116,123.054
1396636658.66,11.878,1.36979,1.36994,109.424,1.36979,1.36994,,9.2123253073,97.546
1396636658.814,12.924,1.36977,1.36991,49.612,1.36977,1.36991,,3.8387496131,36.688
1396636658.872,13.407,1.36978,1.36991,93.478,1.36978,1.36991,,6.9723278884,80.071
1396636658.983,12.656,1.36978,1.3699,82.869,1.36978,1.3699,,6.5478034134,70.213
1396636667.725,15.648,1.36976,1.36987,16.179,1.36976,1.36987,,1.0339340491,0.531
1396636668.008,12.015,1.36976,1.36987,12.969,1.36976,1.36987,,1.0794007491,0.954
1396636668.529,12.151,1.36974,1.36985,12.522,1.36974,1.36985,,1.0305324665,0.371
1396636668.711,15.557,1.36975,1.36985,17.18,1.36975,1.36985,,1.1043260269,1.623
1396636672.765,16.504,1.36975,1.36986,18.115,1.36975,1.36986,,1.0976127,1.611
1396636673.112,11.735,1.36976,1.36985,12.722,1.36976,1.36985,,1.0841073711,0.987
1396636684.009,13.089,1.36976,1.36985,13.323,1.36976,1.36985,,1.0178776072,0.234
1396636693.705,12.006,1.36976,1.36986,12.978,1.36976,1.36986,,1.0809595202,0.972
1396636697.746,12.539,1.36976,1.36988,13.44,1.36976,1.36988,,1.0718558099,0.901
1396636697.762,12.864,1.36976,1.3699,97.502,1.36976,1.3699,,7.5794465174,84.638
1396636697.806,14.881,1.36978,1.36992,153.714,1.36978,1.36992,,10.3295477454,138.833
1396636697.814,25.743,1.36978,1.36993,147.638,1.36978,1.36993,,5.7350736122,121.895
1396636697.832,23.484,1.36981,1.36996,131.637,1.36981,1.36996,,5.6053909044,108.153
1396636697.914,13.128,1.36982,1.36996,51.502,1.36982,1.36996,,3.9230652041,38.374
1396636698.015,12.16,1.36983,1.36996,44.223,1.36983,1.36996,,3.6367598684,32.063
1396636698.114,13.382,1.36983,1.36995,43.779,1.36983,1.36995,,3.2714840831,30.397
1396636698.223,11.973,1.36983,1.36994,35.793,1.36983,1.36994,,2.9894763217,23.82
1396636699.018,12.505,1.36983,1.36994,12.465,1.36983,1.36994,,0.9968012795,-0.04
1396636703.014,12.644,1.36986,1.36996,13.086,1.36986,1.36996,,1.034957292,0.442
1396636703.048,12.375,1.36986,1.36998,79.74,1.36986,1.36998,,6.4436363636,67.365
1396636703.214,11.79,1.36986,1.36997,13.636,1.36986,1.36997,,1.1565733673,1.846
1396636703.804,11.941,1.36987,1.36999,12.656,1.36987,1.36999,,1.0598777322,0.715
1396636706.303,15.993,1.36987,1.36998,17.08,1.36987,1.36998,,1.0679672357,1.087
1396636713.718,12.837,1.36985,1.36999,13.533,1.36985,1.36999,,1.0542182753,0.696
1396636713.847,12.945,1.36985,1.36998,13.268,1.36985,1.36998,,1.0249517188,0.323
1396636713.913,15.397,1.36985,1.36997,48.109,1.36985,1.36997,,3.1245697214,32.712
1396636714.06,13.464,1.36984,1.36994,13.766,1.36984,1.36994,,1.0224301842,0.302
1396636714.159,15.036,1.36981,1.36992,15.922,1.36981,1.36992,,1.0589252461,0.886
1396636714.297,13.532,1.36981,1.36991,14.151,1.36981,1.36991,,1.045743423,0.619
1396636715.323,17.681,1.36979,1.36991,18.725,1.36979,1.36991,,1.059046434,1.044
1396636715.72,12.129,1.3698,1.36989,12.742,1.3698,1.36989,,1.050540028,0.613
1396636735.028,13.112,1.3698,1.36992,13.677,1.3698,1.36992,,1.043090299,0.565
1396636735.046,12.893,1.36982,1.36993,95.987,1.36982,1.36993,,7.4448925774,83.094
1396636736.03,24.291,1.36983,1.36993,16.3,1.36983,1.36993,,0.6710304228,-7.991
1396636736.203,13.612,1.36984,1.36992,13.495,1.36984,1.36992,,0.991404643,-0.117
1396636738.587,12.21,1.36982,1.36994,12.822,1.36982,1.36994,,1.0501228501,0.612
1396636740.111,14.219,1.36983,1.36993,12.789,1.36983,1.36993,,0.8994303397,-1.43
1396636741.514,14.228,1.36985,1.36994,14.779,1.36985,1.36994,,1.0387264549,0.551
1396636741.516,32.419,1.36982,1.36996,111.609,1.36982,1.36996,,3.442703353,79.19
1396636741.584,11.993,1.36984,1.36997,145.245,1.36984,1.36997,,12.1108146419,133.252
1396636741.714,13.685,1.36986,1.36998,16.858,1.36986,1.36998,,1.2318597004,3.173
1396636741.956,15.038,1.36988,1.37,15.921,1.36988,1.37,,1.0587179146,0.883
1396636743.322,14.644,1.36988,1.36999,14.832,1.36988,1.36999,,1.0128380224,0.188
1396636744.435,16.177,1.36989,1.36998,17.666,1.36989,1.36998,,1.0920442604,1.489
1396636751.854,14.735,1.36989,1.36999,14.951,1.36989,1.36999,,1.0146589752,0.216
1396636751.858,33.388,1.36989,1.37,1309.714,1.36989,1.37,,39.2270875764,1276.326
1396636752.43,13.206,1.36988,1.37,757.312,1.36988,1.37,,57.3460548236,744.106
1396636752.478,12.784,1.36988,1.36999,711.047,1.36988,1.36999,,55.620071965,698.263
1396636753.047,437.035,1.36989,1.36998,536.512,1.36989,1.36998,,1.2276179253,99.477
1396636753.232,267.75,1.36988,1.36999,458.059,1.36988,1.36999,,1.7107712418,190.309
1396636754.815,13.889,1.36987,1.36999,13.558,1.36987,1.36999,,0.9761681907,-0.331
1396636754.893,12.253,1.36987,1.36998,35.907,1.36987,1.36998,,2.9304660083,23.654
1396636755.253,12.251,1.36988,1.36996,12.906,1.36988,1.36996,,1.0534650233,0.655
1396636755.622,12.704,1.36987,1.36997,13.347,1.36987,1.36997,,1.0506139798,0.643
1396636756.26,14.893,1.36986,1.36998,14.565,1.36986,1.36998,,0.9779762304,-0.328
1396636756.843,12.698,1.36987,1.36997,13.198,1.36987,1.36997,,1.0393762797,0.5
1396636756.918,15.162,1.36985,1.36995,37.575,1.36985,1.36995,,2.4782350613,22.413
1396636758.595,11.908,1.36986,1.36994,13.093,1.36986,1.36994,,1.0995129325,1.185
1396636763.038,38.599,1.36985,1.36994,294.016,1.36985,1.36994,,7.6171921552,255.417
1396636763.305,13.256,1.36984,1.36995,28.78,1.36984,1.36995,,2.1710923355,15.524
1396636763.411,12.409,1.36985,1.36995,13.066,1.36985,1.36995,,1.0529454428,0.657
1396636764.822,13.345,1.36985,1.36996,13.244,1.36985,1.36996,,0.9924316223,-0.101
1396636766.248,12.793,1.36986,1.36995,13.633,1.36986,1.36995,,1.0656609083,0.84
1396636771.042,12.622,1.36985,1.36996,12.269,1.36985,1.36996,,0.9720329583,-0.353
1396636771.359,12.679,1.36987,1.36998,13.782,1.36987,1.36998,,1.0869942424,1.103
1396636771.62,13.901,1.36988,1.36997,13.968,1.36988,1.36997,,1.0048197971,0.067
1396636773.545,14.943,1.36988,1.36998,15.752,1.36988,1.36998,,1.0541390618,0.809
1396636786.804,11.871,1.3699,1.37001,13.133,1.3699,1.37001,,1.1063094937,1.262
1396636786.846,12.734,1.36992,1.37003,70.152,1.36992,1.37003,,5.5090309408,57.418
1396636787.223,13.854,1.36994,1.37003,14.63,1.36994,1.37003,,1.0560127039,0.776
1396636787.413,13.843,1.36995,1.37003,14.127,1.36995,1.37003,,1.0205157842,0.284
1396636787.718,16.239,1.36993,1.37005,923.404,1.36993,1.37005,,56.8633536548,907.165
1396636788.668,13.259,1.36995,1.37003,11.78,1.36995,1.37003,,0.8884531262,-1.479
1396636788.715,12.64,1.36992,1.37004,64.688,1.36992,1.37004,,5.117721519,52.048
1396636789.081,13.725,1.36992,1.37002,15.344,1.36992,1.37002,,1.1179599271,1.619
1396636789.126,12.838,1.36991,1.37002,67.899,1.36991,1.37002,,5.2889079296,55.061
1396636790.516,16.085,1.36991,1.37001,17.105,1.36991,1.37001,,1.0634131178,1.02
1396636790.578,13.003,1.36991,1.37002,53.05,1.36991,1.37002,,4.0798277321,40.047
1396636791.794,12.248,1.3699,1.37003,13.561,1.3699,1.37003,,1.1072011757,1.313
1396636791.804,18.665,1.3699,1.37004,103.414,1.3699,1.37004,,5.5405304045,84.749
1396636791.813,25.725,1.36991,1.37004,94.955,1.36991,1.37004,,3.6911564626,69.23
1396636792.188,11.704,1.36991,1.37002,27.209,1.36991,1.37002,,2.3247607656,15.505
1396636792.268,14.904,1.3699,1.37002,48.191,1.3699,1.37002,,3.2334272678,33.287
1396636800.614,13.621,1.3699,1.37001,14.835,1.3699,1.37001,,1.0891270832,1.214
1396636800.67,13.914,1.36988,1.36999,57.747,1.36988,1.36999,,4.1502802932,43.833
1396636801.214,13.912,1.36989,1.36999,14.453,1.36989,1.36999,,1.0388872915,0.541
1396636802.289,13.998,1.36987,1.36997,15.69,1.36987,1.36997,,1.1208744106,1.692
1396636802.41,114.765,1.36988,1.36996,95.969,1.36988,1.36996,,0.8362218446,-18.796
1396636806.014,12.777,1.36986,1.36997,14.509,1.36986,1.36997,,1.1355560773,1.732
1396636806.214,18.117,1.36987,1.36996,19.431,1.36987,1.36996,,1.0725285643,1.314
1396636809.547,18.778,1.36988,1.36996,19.079,1.36988,1.36996,,1.0160293961,0.301
1396636811.065,13.28,1.36987,1.36997,14.01,1.36987,1.36997,,1.0549698795,0.73
1396636812.385,15.892,1.36989,1.36999,1212.787,1.36989,1.36999,,76.3143090863,1196.895
1396636812.413,15.033,1.36989,1.36998,1199.675,1.36989,1.36998,,79.8027672454,1184.642
1396636815.153,14.084,1.36989,1.36997,15.39,1.36989,1.36997,,1.0927293383,1.306
1396636815.722,12.428,1.36989,1.36998,12.564,1.36989,1.36998,,1.0109430319,0.136
1396636821.882,10.523,1.36989,1.36998,11.725,1.36989,1.36998,,1.1142259812,1.202
1396636824.215,13.341,1.3699,1.36997,14.706,1.3699,1.36997,,1.1023161682,1.365
1396636824.422,15.022,1.36987,1.36999,15.77,1.36987,1.36999,,1.049793636,0.748
1396636824.515,12.882,1.36986,1.36997,21.824,1.36986,1.36997,,1.6941468716,8.942
1396636825.113,15.3,1.36988,1.36996,16.316,1.36988,1.36996,,1.0664052288,1.016
1396636825.204,13.258,1.36986,1.36997,28.624,1.36986,1.36997,,2.1589983406,15.366
1396636826.638,11.217,1.36987,1.36999,12.931,1.36987,1.36999,,1.15280378,1.714
1396636828.724,15.253,1.36988,1.36999,15.546,1.36988,1.36999,,1.0192093359,0.293
1396636829.493,11.26,1.36989,1.36998,12.681,1.36989,1.36998,,1.1261989343,1.421
1396636829.498,21.153,1.36988,1.37,108.135,1.36988,1.37,,5.1120408453,86.982
1396636830.612,11.13,1.36988,1.36999,12.483,1.36988,1.36999,,1.1215633423,1.353
1396636830.721,11.718,1.36989,1.36999,12.144,1.36989,1.36999,,1.0363543267,0.426
1396636830.722,26.035,1.36988,1.36999,113.557,1.36988,1.36999,,4.3617053966,87.522
1396636839.204,12.929,1.36988,1.36999,12.811,1.36988,1.36999,,0.9908732307,-0.118
1396636840.694,11.746,1.36989,1.36999,12.706,1.36989,1.36999,,1.0817299506,0.96
1396636841.023,12.333,1.36987,1.36999,13.655,1.36987,1.36999,,1.1071920863,1.322
1396636841.274,11.561,1.36988,1.36999,12.724,1.36988,1.36999,,1.1005968342,1.163
1396636842.514,211.22,1.36989,1.36998,1212.343,1.36989,1.36998,,5.7397168829,1001.123
1396636848.612,11.058,1.36989,1.36999,12.14,1.36989,1.36999,,1.0978477121,1.082
1396636856.674,11.39,1.36989,1.37,12.612,1.36989,1.37,,1.1072870939,1.222
1396636860.832,11.774,1.36991,1.37002,12.572,1.36991,1.37002,,1.0677764566,0.798
1396636860.834,34.392,1.3699,1.37003,111.397,1.3699,1.37003,,3.2390381484,77.005
1396636860.914,17.139,1.3699,1.37002,136.707,1.3699,1.37002,,7.9763696832,119.568
1396636861.113,18.353,1.36991,1.37002,36.165,1.36991,1.37002,,1.9705225304,17.812
1396636861.214,11.203,1.36992,1.37002,37.668,1.36992,1.37002,,3.362313666,26.465
1396636865.869,11.798,1.3699,1.37,12.55,1.3699,1.37,,1.0637396169,0.752
1396636867.124,22.89,1.36987,1.36999,110.942,1.36987,1.36999,,4.8467453036,88.052
1396636867.211,14.399,1.36987,1.36998,120.164,1.36987,1.36998,,8.3453017571,105.765
1396636867.903,12.047,1.36989,1.36999,12.721,1.36989,1.36999,,1.0559475388,0.674
1396636875.712,12.21,1.36987,1.36999,12.087,1.36987,1.36999,,0.9899262899,-0.123
1396636875.798,11.532,1.36988,1.36999,26.625,1.36988,1.36999,,2.308792924,15.093
1396636876.229,12.119,1.3699,1.37001,13.236,1.3699,1.37001,,1.0921693209,1.117
1396636876.238,18.516,1.36989,1.37003,107.402,1.36989,1.37003,,5.8004968676,88.886
1396636876.316,11.033,1.36991,1.37004,127.987,1.36991,1.37004,,11.6003806762,116.954
1396636876.328,17.67,1.36993,1.37006,117.703,1.36993,1.37006,,6.6611771364,100.033
1396636876.416,13.772,1.36995,1.37007,31.196,1.36995,1.37007,,2.2651757188,17.424
1396636876.616,13.343,1.36996,1.37006,14.152,1.36996,1.37006,,1.0606310425,0.809
1396636876.812,12.607,1.36996,1.37005,12.912,1.36996,1.37005,,1.0241929087,0.305
1396636878.212,12.161,1.36996,1.37006,12.429,1.36996,1.37006,,1.0220376614,0.268
1396636878.214,27.045,1.36996,1.37008,109.511,1.36996,1.37008,,4.0492142725,82.466
1396636878.254,11.208,1.36999,1.37011,72.151,1.36999,1.37011,,6.437455389,60.943
1396636878.308,11.156,1.37001,1.37013,119.501,1.37001,1.37013,,10.7118142703,108.345
1396636878.318,20.236,1.37,1.3702,112.517,1.37,1.3702,,5.5602391777,92.281
1396636878.335,19.472,1.37006,1.37025,99.295,1.37006,1.37025,,5.0993734593,79.823
1396636878.635,12.336,1.37006,1.37025,13.977,1.37006,1.37025,,1.1330252918,1.641
1396636878.663,12.109,1.37008,1.37024,84.84,1.37008,1.37024,,7.0063589066,72.731
1396636878.689,11.341,1.37005,1.37021,158.73,1.37005,1.37021,,13.9961202716,147.389
1396636879.213,11.056,1.37007,1.37018,12.096,1.37007,1.37018,,1.0940665702,1.04
1396636880.913,11.356,1.37006,1.37016,13.152,1.37006,1.37016,,1.1581542797,1.796
1396636884.461,11.55,1.37008,1.37018,12.514,1.37008,1.37018,,1.0834632035,0.964
1396636886.257,17.522,1.37008,1.37018,18.647,1.37008,1.37018,,1.0642049994,1.125
1396636887.239,12.873,1.37007,1.37019,13.206,1.37007,1.37019,,1.025868096,0.333
1396636888.418,11.504,1.37008,1.37018,12.503,1.37008,1.37018,,1.0868393602,0.999
1396636892.386,11.444,1.37008,1.37019,12.482,1.37008,1.37019,,1.0907025516,1.038
1396636892.422,12.025,1.3701,1.37021,76.301,1.3701,1.37021,,6.3451975052,64.276
1396636892.431,21.976,1.37012,1.37023,69.268,1.37012,1.37023,,3.1519839825,47.292
1396636892.493,12.123,1.37015,1.37026,103.843,1.37015,1.37026,,8.5657840469,91.72
1396636892.505,15.671,1.37015,1.37026,92.946,1.37015,1.37026,,5.931082892,77.275
1396636892.517,21.188,1.37015,1.37027,81.791,1.37015,1.37027,,3.8602510855,60.603
1396636892.533,22.744,1.37017,1.3703,66.521,1.37017,1.3703,,2.9247713683,43.777
1396636892.558,14.794,1.37017,1.3703,140.435,1.37017,1.3703,,9.4926997431,125.641
1396636892.716,11.382,1.37016,1.37028,83.135,1.37016,1.37028,,7.3040766122,71.753
1396636893.213,12.362,1.37016,1.37026,12.144,1.37016,1.37026,,0.9823653131,-0.218
1396636893.319,16.155,1.37016,1.37025,14.061,1.37016,1.37025,,0.8703806871,-2.094
1396636894.312,11.973,1.37014,1.37026,12.858,1.37014,1.37026,,1.0739163117,0.885
1396636895.013,11.562,1.37016,1.37026,12.938,1.37016,1.37026,,1.1190105518,1.376
1396636895.922,11.939,1.37016,1.37028,12.624,1.37016,1.37028,,1.0573749895,0.685
1396636896.176,11.449,1.37018,1.37028,12.244,1.37018,1.37028,,1.0694383789,0.795
1396636897.832,12.757,1.37018,1.37029,14.229,1.37018,1.37029,,1.1153876303,1.472
1396636900.822,15.363,1.37018,1.3703,16.22,1.37018,1.3703,,1.0557833756,0.857
1396636900.89,12.063,1.3702,1.37032,43.296,1.3702,1.37032,,3.5891569261,31.233
1396636900.942,12.393,1.37018,1.3703,92.52,1.37018,1.3703,,7.4655047204,80.127
1396636902.195,12.064,1.37017,1.37028,37.23,1.37017,1.37028,,3.0860411141,25.166
1396636902.316,12.183,1.37014,1.37028,17.367,1.37014,1.37028,,1.4255109579,5.184
1396636902.676,11.032,1.37014,1.37028,12.288,1.37014,1.37028,,1.1138506164,1.256
1396636906.202,12.667,1.37017,1.37025,13.554,1.37017,1.37025,,1.070024473,0.887
1396636906.21,20.465,1.37016,1.37025,107.472,1.37016,1.37025,,5.2515025654,87.007
1396636906.576,13.017,1.37014,1.37026,12.944,1.37014,1.37026,,0.994391949,-0.073
1396636911.329,11.849,1.37017,1.37029,13.195,1.37017,1.37029,,1.1135960841,1.346
1396636911.388,12.307,1.37017,1.37029,55.138,1.37017,1.37029,,4.4802145121,42.831
1396636913.148,10.823,1.37018,1.37028,12.473,1.37018,1.37028,,1.1524531091,1.65
1396636913.517,12.835,1.37018,1.3703,14.285,1.37018,1.3703,,1.1129723413,1.45
1396636913.624,11.138,1.3702,1.37031,12.475,1.3702,1.37031,,1.1200395044,1.337
1396636916.328,12.133,1.3702,1.37029,13.239,1.3702,1.37029,,1.0911563504,1.106
1396636917.073,13.778,1.3702,1.37029,14.323,1.3702,1.37029,,1.0395558136,0.545
1396636917.867,12.058,1.37019,1.3703,12.586,1.37019,1.3703,,1.0437883563,0.528
1396636922.507,11.561,1.37018,1.3703,13.017,1.37018,1.3703,,1.1259406626,1.456
1396636922.522,13.83,1.37015,1.37027,96.379,1.37015,1.37027,,6.9688358641,82.549
1396636922.613,11.524,1.37015,1.37026,106.237,1.37015,1.37026,,9.2187608469,94.713
1396636923.585,11.706,1.37015,1.37026,12.503,1.37015,1.37026,,1.0680847429,0.797
1396636925.718,109.664,1.37012,1.37025,1197.62,1.37012,1.37025,,10.9208126641,1087.956
1396636925.814,36.003,1.3701,1.37022,1103.042,1.3701,1.37022,,30.6375024304,1067.039
1396636925.888,12.827,1.3701,1.37021,1031.035,1.3701,1.37021,,80.3800576908,1018.208
1396636926.335,11.261,1.37009,1.37021,586.292,1.37009,1.37021,,52.0639374833,575.031
1396636927.986,15.6,1.3701,1.37021,17.05,1.3701,1.37021,,1.0929487179,1.45
1396636929.824,12.293,1.3701,1.37022,13.787,1.3701,1.37022,,1.1215325795,1.494
1396636929.829,26.148,1.3701,1.37023,107.153,1.3701,1.37023,,4.0979424813,81.005
1396636929.919,13.275,1.37012,1.37024,118.577,1.37012,1.37024,,8.932354049,105.302
1396636929.932,16.316,1.37014,1.37026,106.788,1.37014,1.37026,,6.5449865163,90.472
1396636930.917,10.922,1.37015,1.37026,12.531,1.37015,1.37026,,1.1473173411,1.609
1396636930.954,20.831,1.37016,1.37026,77.754,1.37016,1.37026,,3.7326100523,56.923
1396636931.219,20.996,1.37015,1.37026,22.087,1.37015,1.37026,,1.0519622785,1.091
1396636933.251,11.002,1.37013,1.37024,12.11,1.37013,1.37024,,1.100708962,1.108
1396636958.762,12.017,1.37013,1.37022,13.12,1.37013,1.37022,,1.0917866356,1.103
1396636961.114,13.363,1.37013,1.37021,14.361,1.37013,1.37021,,1.0746838285,0.998
1396636961.298,14.109,1.37011,1.37022,13.345,1.37011,1.37022,,0.9458501666,-0.764
1396636962.212,89.848,1.37016,1.37024,836.107,1.37016,1.37024,,9.3057942303,746.259
1396636962.532,15.805,1.37015,1.37025,518.331,1.37015,1.37025,,32.7953812085,502.526
1396636968.413,13.036,1.37014,1.37026,13.864,1.37014,1.37026,,1.0635164161,0.828
1396636969.712,12.906,1.37015,1.37025,13.967,1.37015,1.37025,,1.0822098249,1.061
1396636977.213,36.837,1.37014,1.37026,111.924,1.37014,1.37026,,3.0383581725,75.087
1396636977.238,34.4,1.37015,1.37026,89.355,1.37015,1.37026,,2.5975290698,54.955
1396636977.412,20.986,1.37015,1.37025,22.808,1.37015,1.37025,,1.0868197846,1.822
1396636977.45,13.962,1.37017,1.37026,76.617,1.37017,1.37026,,5.4875376021,62.655
1396636977.519,12.883,1.37016,1.37028,107.704,1.37016,1.37028,,8.3601645579,94.821
1396636977.616,11.473,1.37017,1.37028,112.413,1.37017,1.37028,,9.79804759,100.94
1396636978.195,13.652,1.37019,1.37027,14.497,1.37019,1.37027,,1.0618956929,0.845
1396636980.928,11.716,1.37017,1.37029,13.33,1.37017,1.37029,,1.1377603278,1.614
1396636983.387,16.924,1.37017,1.37029,16.269,1.37017,1.37029,,0.9612975656,-0.655
1396636989.115,20.267,1.37018,1.37031,21.287,1.37018,1.37031,,1.0503281196,1.02
1396636989.151,17.473,1.37017,1.37029,82.317,1.37017,1.37029,,4.7110971213,64.844
1396636989.315,13.963,1.3702,1.37031,15.359,1.3702,1.37031,,1.0999785146,1.396
1396636995.231,13.251,1.3702,1.37032,14.575,1.3702,1.37032,,1.0999169874,1.324
1396636995.923,14.975,1.37021,1.37031,12.401,1.37021,1.37031,,0.8281135225,-2.574
1396636998.053,12.058,1.37021,1.37032,13.132,1.37021,1.37032,,1.0890694974,1.074
1396637014.162,11.702,1.37021,1.37031,13.031,1.37021,1.37031,,1.1135703299,1.329
1396637014.169,26.706,1.37019,1.3703,107.659,1.37019,1.3703,,4.0312663821,80.953
1396637014.261,14.549,1.37019,1.3703,114.586,1.37019,1.3703,,7.8758677572,100.037
1396637014.571,17.477,1.37019,1.37029,18.768,1.37019,1.37029,,1.0738685129,1.291
1396637014.821,16.381,1.37017,1.3703,17.482,1.37017,1.3703,,1.0672120139,1.101
1396637027.363,13.615,1.37017,1.37029,1001.294,1.37017,1.37029,,73.5434447301,987.679
1396637030.363,11.878,1.37019,1.37028,13.032,1.37019,1.37028,,1.0971544031,1.154
1396637039.028,13.252,1.37021,1.3703,11.584,1.37021,1.3703,,0.8741322065,-1.668
1396637044.25,13.264,1.3702,1.37032,12.026,1.3702,1.37032,,0.9066646562,-1.238
1396637044.28,16.264,1.3702,1.37034,86.738,1.3702,1.37034,,5.3331283817,70.474
1396637044.472,11.879,1.37022,1.37034,12.111,1.37022,1.37034,,1.0195302635,0.232
1396637050.513,13.53,1.37025,1.37035,14.425,1.37025,1.37035,,1.0661492979,0.895
1396637051.827,15.045,1.37025,1.37035,11.74,1.37025,1.37035,,0.7803256896,-3.305
1396637060.912,15.046,1.37025,1.37034,15.423,1.37025,1.37034,,1.0250564934,0.377
1396637069.123,14.928,1.37024,1.37034,15.254,1.37024,1.37034,,1.0218381565,0.326
1396637069.303,14.989,1.37021,1.37033,13.413,1.37021,1.37033,,0.8948562279,-1.576
1396637069.393,11.739,1.37022,1.37033,26.999,1.37022,1.37033,,2.2999403697,15.26
1396637070.054,36.486,1.37025,1.37036,14,1.37025,1.37036,,0.3837088198,-22.486
1396637071.245,13.163,1.37027,1.37036,14.897,1.37027,1.37036,,1.1317328876,1.734
1396637071.998,12.577,1.37026,1.37037,13.324,1.37026,1.37037,,1.0593941321,0.747
1396637072.41,12.271,1.37027,1.37036,13.931,1.37027,1.37036,,1.1352782984,1.66
1396637079.824,14.234,1.37025,1.37036,15.123,1.37025,1.37036,,1.062456091,0.889
1396637084.04,14.589,1.37025,1.37035,15.384,1.37025,1.37035,,1.0544931112,0.795
1396637084.053,24.161,1.37023,1.37035,102.932,1.37023,1.37035,,4.2602541286,78.771
1396637084.315,12.144,1.37023,1.37034,12.02,1.37023,1.37034,,0.9897891963,-0.124
1396637084.839,11.319,1.37023,1.37035,12.603,1.37023,1.37035,,1.1134375828,1.284
1396637085.668,12.017,1.37021,1.37033,13.108,1.37021,1.37033,,1.0907880503,1.091
1396637087.041,13.297,1.37021,1.37033,10.464,1.37021,1.37033,,0.7869444236,-2.833
1396637087.341,16.001,1.37019,1.37031,17.573,1.37019,1.37031,,1.0982438598,1.572
1396637087.349,34.662,1.37019,1.37032,104.291,1.37019,1.37032,,3.0087992614,69.629
1396637087.624,16.538,1.37016,1.37029,18.586,1.37016,1.37029,,1.123836014,2.048
1396637088.219,17.133,1.37018,1.37028,16.519,1.37018,1.37028,,0.9641627269,-0.614
1396637091.017,13.882,1.37017,1.37029,16.422,1.37017,1.37029,,1.1829707535,2.54
1396637092.755,11.561,1.37018,1.37028,12.923,1.37018,1.37028,,1.117809878,1.362
1396637093.18,11.12,1.37017,1.37029,11.719,1.37017,1.37029,,1.0538669065,0.599
1396637098.251,12.42,1.37017,1.37029,14.051,1.37017,1.37029,,1.1313204509,1.631
1396637104.816,13.641,1.37018,1.37032,15.288,1.37018,1.37032,,1.1207389488,1.647
1396637104.838,13.126,1.37019,1.37032,89.555,1.37019,1.37032,,6.8227182691,76.429
1396637105.015,13.245,1.3702,1.37032,14.466,1.3702,1.37032,,1.0921857305,1.221
1396637105.314,12.306,1.37022,1.37031,12.749,1.37022,1.37031,,1.0359986998,0.443
1396637105.463,11.703,1.37021,1.37032,12.649,1.37021,1.37032,,1.0808339742,0.946
1396637106.396,18.047,1.37022,1.37031,19.436,1.37022,1.37031,,1.0769657007,1.389
1396637106.702,18.627,1.37022,1.37031,17.394,1.37022,1.37031,,0.9338057658,-1.233
1396637109.455,14.162,1.37024,1.37033,11.721,1.37024,1.37033,,0.8276373394,-2.441
1396637112.31,16.946,1.37022,1.37033,18.515,1.37022,1.37033,,1.0925882214,1.569
1396637113.669,11.717,1.37023,1.37032,13.283,1.37023,1.37032,,1.1336519587,1.566
1396637119.22,12.166,1.37023,1.37033,13.043,1.37023,1.37033,,1.0720861417,0.877
1396637128.22,15.481,1.37023,1.37035,15.081,1.37023,1.37035,,0.9741618758,-0.4
1396637130.224,12.738,1.37024,1.37034,13.35,1.37024,1.37034,,1.048045219,0.612
1396637131.719,13.627,1.37022,1.37033,13.847,1.37022,1.37033,,1.0161444192,0.22
1396637137.201,12.231,1.37023,1.37032,87.152,1.37023,1.37032,,7.1255007767,74.921
1396637157.975,14.799,1.37022,1.37033,15.722,1.37022,1.37033,,1.062369079,0.923
1396637167.863,11.564,1.37022,1.37033,11.9,1.37022,1.37033,,1.0290556901,0.336
1396637173.122,14.514,1.37024,1.37035,14.189,1.37024,1.37035,,0.9776078269,-0.325
1396637173.52,16.257,1.37024,1.37037,16.67,1.37024,1.37037,,1.0254044412,0.413
1396637173.613,16.328,1.37025,1.37037,19.862,1.37025,1.37037,,1.2164380206,3.534
1396637175.874,11.891,1.37026,1.37037,11.755,1.37026,1.37037,,0.9885627786,-0.136
1396637175.984,12.174,1.37026,1.37036,13.029,1.37026,1.37036,,1.0702316412,0.855
1396637177.438,12.665,1.37025,1.37037,13.968,1.37025,1.37037,,1.1028819582,1.303
1396637177.543,11.421,1.37026,1.37037,11.788,1.37026,1.37037,,1.0321337886,0.367
1396637181.061,11.113,1.37025,1.37037,11.686,1.37025,1.37037,,1.0515612346,0.573
1396637184.726,15.619,1.37026,1.37037,17.016,1.37026,1.37037,,1.0894423459,1.397
1396637184.887,14.899,1.37026,1.37036,11.617,1.37026,1.37036,,0.7797167595,-3.282
1396637185.433,12.957,1.37025,1.37037,14.563,1.37025,1.37037,,1.1239484449,1.606
1396637185.707,213.198,1.37026,1.37036,14.306,1.37026,1.37036,,0.0671019428,-198.892
1396637188.129,13.048,1.37025,1.37036,12.855,1.37025,1.37036,,0.9852084611,-0.193
1396637189.62,17.949,1.37023,1.37034,14.877,1.37023,1.37034,,0.8288484038,-3.072
1396637190.62,11.945,1.37022,1.3703,11.592,1.37022,1.3703,,0.9704478861,-0.353
1396637190.622,25.083,1.37021,1.37032,112.034,1.37021,1.37032,,4.4665311167,86.951
1396637192.213,11.524,1.37021,1.37031,27.851,1.37021,1.37031,,2.4167823672,16.327
1396637203.922,11.156,1.37021,1.37032,12.064,1.37021,1.37032,,1.0813911796,0.908
1396637213.977,18.271,1.37022,1.37031,11.503,1.37022,1.37031,,0.6295769252,-6.768
1396637225.734,17.091,1.37021,1.37032,18.314,1.37021,1.37032,,1.07155813,1.223
1396637226.142,14.145,1.37022,1.37031,15.558,1.37022,1.37031,,1.0998939555,1.413
1396637229.189,12.674,1.37024,1.37033,11.883,1.37024,1.37033,,0.9375887644,-0.791
1396637234.749,11.786,1.37024,1.37032,13.114,1.37024,1.37032,,1.1126760563,1.328
1396637244.72,16.511,1.37023,1.37033,30.737,1.37023,1.37033,,1.8616074132,14.226
1396637246.323,11.621,1.37024,1.37032,12.207,1.37024,1.37032,,1.050425953,0.586
1396637254.422,11.757,1.37022,1.37032,11.461,1.37022,1.37032,,0.9748235094,-0.296
1396637254.424,25.781,1.37023,1.37032,111.756,1.37023,1.37032,,4.3348202164,85.975
1396637254.976,11.85,1.37023,1.37031,11.944,1.37023,1.37031,,1.0079324895,0.094
1396637263.046,17.992,1.37022,1.37032,16.261,1.37022,1.37032,,0.9037905736,-1.731
1396637263.061,24.549,1.3702,1.37032,97.184,1.3702,1.37032,,3.9587763249,72.635
1396637263.313,12.315,1.3702,1.37031,12.408,1.3702,1.37031,,1.0075517661,0.093
1396637263.327,20.325,1.37019,1.37033,100.462,1.37019,1.37033,,4.9427798278,80.137
1396637263.418,13.197,1.3702,1.37033,110.186,1.3702,1.37033,,8.3493218156,96.989
1396637263.723,14.603,1.37021,1.37032,15.089,1.37021,1.37032,,1.0332808327,0.486
1396637264.044,12.155,1.37021,1.37033,11.799,1.37021,1.37033,,0.9707116413,-0.356
1396637265.357,11.62,1.37021,1.37032,12.171,1.37021,1.37032,,1.0474182444,0.551
1396637267.737,15.34,1.37021,1.37033,13.022,1.37021,1.37033,,0.8488917862,-2.318
1396637271.097,13.155,1.37022,1.37033,12.448,1.37022,1.37033,,0.9462561764,-0.707
1396637271.313,12.105,1.37024,1.37034,11.836,1.37024,1.37034,,0.9777777778,-0.269
1396637272.817,11.679,1.37022,1.37033,11.699,1.37022,1.37033,,1.0017124754,0.02
1396637272.952,12.002,1.37022,1.37032,12.166,1.37022,1.37032,,1.0136643893,0.164
1396637288.116,18.333,1.37025,1.37035,15.224,1.37025,1.37035,,0.8304150985,-3.109
1396637288.123,29.673,1.37025,1.37036,109.201,1.37025,1.37036,,3.6801469349,79.528
1396637293.038,11.474,1.37025,1.37037,12.368,1.37025,1.37037,,1.0779152867,0.894
1396637301.805,11.507,1.37025,1.37037,11.833,1.37025,1.37037,,1.0283305814,0.326
1396637305.77,15.201,1.37023,1.37035,15.485,1.37023,1.37035,,1.0186829814,0.284
1396637305.819,14.218,1.37023,1.37035,65.145,1.37023,1.37035,,4.5818680546,50.927
1396637320.057,14.704,1.37024,1.37037,16.383,1.37024,1.37037,,1.1141866159,1.679
1396637321.899,18.061,1.37026,1.37038,14.904,1.37026,1.37038,,0.8252034771,-3.157
1396637321.928,18.138,1.37028,1.3704,84.52,1.37028,1.3704,,4.6598301908,66.382
1396637321.941,23.462,1.3703,1.37042,73.602,1.3703,1.37042,,3.1370727133,50.14
1396637321.997,11.776,1.37028,1.3704,124.8,1.37028,1.3704,,10.597826087,113.024
1396637322.024,17.118,1.37029,1.3704,99.944,1.37029,1.3704,,5.8385325388,82.826
1396637322.214,15.312,1.3703,1.3704,109.597,1.3703,1.3704,,7.1575888192,94.285
1396637322.508,13.321,1.37029,1.3704,12.825,1.37029,1.3704,,0.9627655581,-0.496
1396637326.035,12.03,1.37031,1.37042,12.828,1.37031,1.37042,,1.0663341646,0.798
1396637331.298,11.9,1.37029,1.3704,12.064,1.37029,1.3704,,1.0137815126,0.164
1396637340.736,12.185,1.37026,1.37038,12.526,1.37026,1.37038,,1.0279852277,0.341
1396637340.922,12.643,1.37024,1.37038,13.157,1.37024,1.37038,,1.0406549079,0.514
1396637340.992,17.986,1.37023,1.37036,42.464,1.37023,1.37036,,2.3609474035,24.478
1396637342.237,19.371,1.37023,1.37035,71.712,1.37023,1.37035,,3.7020288059,52.341
1396637342.329,13.244,1.37024,1.37038,72.331,1.37024,1.37038,,5.4614164905,59.087
1396637342.345,20.79,1.37025,1.37038,58.82,1.37025,1.37038,,2.8292448292,38.03
1396637342.431,11.649,1.37027,1.3704,76.316,1.37027,1.3704,,6.5512919564,64.667
1396637342.457,14.539,1.37027,1.37039,145.643,1.37027,1.37039,,10.0174014719,131.104
1396637343.518,11.619,1.37025,1.37037,11.902,1.37025,1.37037,,1.0243566572,0.283
1396637343.532,16.212,1.37024,1.37037,99.536,1.37024,1.37037,,6.1396496422,83.324
1396637346.845,13.426,1.37026,1.3704,14.249,1.37026,1.3704,,1.0612989721,0.823
1396637346.913,11.722,1.37027,1.3704,45.739,1.37027,1.3704,,3.9019791844,34.017
1396637347.122,23.639,1.37029,1.3704,24.012,1.37029,1.3704,,1.0157790093,0.373
1396637354.312,20.085,1.37029,1.37039,20.329,1.37029,1.37039,,1.0121483694,0.244
1396637361.735,18.792,1.37029,1.37041,19.097,1.37029,1.37041,,1.0162303108,0.305
1396637361.78,14.43,1.37027,1.37038,67.731,1.37027,1.37038,,4.6937629938,53.301
1396637361.834,11.576,1.37025,1.37038,113.784,1.37025,1.37038,,9.8293020041,102.208
1396637363.101,18.373,1.37026,1.37035,14.89,1.37026,1.37035,,0.8104283459,-3.483
1396637363.16,12.368,1.37025,1.37036,51.747,1.37025,1.37036,,4.1839424321,39.379
1396637364.778,12.412,1.37024,1.37037,12.024,1.37024,1.37037,,0.9687399291,-0.388
1396637365.513,11.249,1.37025,1.37037,12.086,1.37025,1.37037,,1.0744066139,0.837
1396637366.735,10.869,1.37024,1.37038,11.888,1.37024,1.37038,,1.0937528751,1.019
1396637367.014,11.742,1.37025,1.37037,12.736,1.37025,1.37037,,1.084653381,0.994
1396637367.901,11.83,1.37026,1.37036,10.575,1.37026,1.37036,,0.8939137785,-1.255
1396637368.312,12.3,1.37024,1.37038,13.203,1.37024,1.37038,,1.0734146341,0.903
1396637368.683,12.861,1.37026,1.37036,12.916,1.37026,1.37036,,1.0042764948,0.055
1396637369.984,13.088,1.37024,1.37037,13.319,1.37024,1.37037,,1.0176497555,0.231
1396637370.026,12.771,1.37022,1.37035,72.836,1.37022,1.37035,,5.7032338893,60.065
1396637370.114,11.501,1.37023,1.37035,83.125,1.37023,1.37035,,7.2276323798,71.624
1396637374.206,12.135,1.37023,1.37033,11.913,1.37023,1.37033,,0.9817058096,-0.222
1396637378.304,13.348,1.37025,1.37035,14.917,1.37025,1.37035,,1.1175456997,1.569
1396637380.974,13.811,1.37023,1.37035,14.792,1.37023,1.37035,,1.0710303381,0.981
1396637381.036,20.8,1.3702,1.37032,55.97,1.3702,1.37032,,2.6908653846,35.17
1396637381.078,13.848,1.37019,1.37032,109.173,1.37019,1.37032,,7.8836655113,95.325
1396637381.225,12.892,1.3702,1.37032,62.311,1.3702,1.37032,,4.8333074775,49.419
1396637381.919,11.536,1.3702,1.37032,12.114,1.3702,1.37032,,1.0501040222,0.578
1396637384.14,13.615,1.37023,1.37035,15.113,1.37023,1.37035,,1.1100257069,1.498
1396637385.02,13.115,1.37022,1.37035,12.682,1.37022,1.37035,,0.966984369,-0.433
1396637385.621,12.524,1.37022,1.37034,12.332,1.37022,1.37034,,0.9846694347,-0.192
1396637389.013,13.193,1.37023,1.37034,13.018,1.37023,1.37034,,0.98673539,-0.175
1396637389.381,12.663,1.37022,1.37034,12.974,1.37022,1.37034,,1.024559741,0.311
1396637394.812,13.325,1.37023,1.37033,14.88,1.37023,1.37033,,1.1166979362,1.555
1396637394.913,14.038,1.37022,1.37034,13.202,1.37022,1.37034,,0.9404473572,-0.836
1396637395.013,18.069,1.37023,1.37034,19.519,1.37023,1.37034,,1.0802479385,1.45
1396637395.113,12.311,1.37022,1.37034,14.218,1.37022,1.37034,,1.1549021201,1.907
1396637402.941,16.553,1.3702,1.37032,12.223,1.3702,1.37032,,0.7384159971,-4.33
1396637416.016,24.02,1.3702,1.3703,22.174,1.3702,1.3703,,0.9231473772,-1.846
1396637416.113,23.967,1.37016,1.37031,118.539,1.37016,1.37031,,4.9459256478,94.572
1396637416.221,11.901,1.37019,1.37033,110.207,1.37019,1.37033,,9.2603142593,98.306
1396637416.291,44.937,1.37019,1.37032,42.827,1.37019,1.37032,,0.9530453746,-2.11
1396637416.412,15.192,1.37019,1.37031,21.265,1.37019,1.37031,,1.3997498684,6.073
1396637432.712,12.157,1.37018,1.37031,13.067,1.37018,1.37031,,1.0748539936,0.91
1396637432.815,12.188,1.37019,1.37031,11.997,1.37019,1.37031,,0.984328848,-0.191
1396637435.815,29.659,1.37013,1.37027,1049.093,1.37013,1.37027,,35.3718264271,1019.434
1396637436.912,14.087,1.37016,1.37026,13.346,1.37016,1.37026,,0.9473983105,-0.741
1396637440.141,16.88,1.37016,1.37028,17.067,1.37016,1.37028,,1.0110781991,0.187
1396637440.315,11.153,1.37019,1.37029,12.71,1.37019,1.37029,,1.1396036941,1.557
1396637444.181,11.337,1.37019,1.37029,11.917,1.37019,1.37029,,1.0511599188,0.58
1396637458.119,16.913,1.37016,1.37027,15.333,1.37016,1.37027,,0.9065807367,-1.58
1396637459.387,11.831,1.37014,1.37027,12.091,1.37014,1.37027,,1.0219761643,0.26
1396637461.013,12.853,1.37015,1.37025,12.169,1.37015,1.37025,,0.9467828523,-0.684
1396637468.749,19.25,1.37014,1.37026,15.675,1.37014,1.37026,,0.8142857143,-3.575
1396637473.487,12.188,1.37014,1.37025,12.382,1.37014,1.37025,,1.0159172957,0.194
1396637475.218,16.596,1.37011,1.37024,17.449,1.37011,1.37024,,1.0513979272,0.853
1396637476.619,21.683,1.37012,1.37024,21.3,1.37012,1.37024,,0.9823363926,-0.383
1396637486.335,12.239,1.37013,1.37023,13.449,1.37013,1.37023,,1.0988642863,1.21
1396637495.755,11.651,1.37012,1.37024,11.946,1.37012,1.37024,,1.025319715,0.295
1396637497.212,46.58,1.37013,1.37024,110.835,1.37013,1.37024,,2.3794547016,64.255
1396637497.313,11.938,1.37012,1.37024,110.033,1.37012,1.37024,,9.2170380298,98.095
1396637513.666,19.538,1.37013,1.37024,19.68,1.37013,1.37024,,1.0072678882,0.142
1396637524.978,12.731,1.37012,1.37024,14.118,1.37012,1.37024,,1.1089466656,1.387
1396637541.23,20.616,1.37012,1.37025,19.28,1.37012,1.37025,,0.9351959643,-1.336
1396637543.936,11.337,1.37013,1.37024,12.034,1.37013,1.37024,,1.0614801094,0.697
1396637551.428,12.23,1.37013,1.37024,11.962,1.37013,1.37024,,0.9780866721,-0.268
1396637557.032,17.785,1.37014,1.37023,18.533,1.37014,1.37023,,1.042057914,0.748
1396637562.014,11.812,1.37012,1.37024,12.638,1.37012,1.37024,,1.0699288859,0.826
1396637562.073,15.833,1.3701,1.37021,55.237,1.3701,1.37021,,3.4887260784,39.404
1396637562.119,12.631,1.37008,1.37021,109.491,1.37008,1.37021,,8.6684348033,96.86
1396637562.423,14.241,1.37009,1.3702,12.167,1.37009,1.3702,,0.8543641598,-2.074
1396637563.22,17.337,1.37011,1.37023,16.384,1.37011,1.37023,,0.9450308589,-0.953
1396637563.301,14.7,1.37012,1.37023,33.314,1.37012,1.37023,,2.2662585034,18.614
1396637564.623,11.594,1.37013,1.37022,12.347,1.37013,1.37022,,1.0649473866,0.753
1396637567.113,11.373,1.37011,1.37023,11.778,1.37011,1.37023,,1.0356106568,0.405
1396637572.124,12.215,1.37013,1.37023,12.297,1.37013,1.37023,,1.0067130577,0.082
1396637572.125,28.504,1.37012,1.37023,112.277,1.37012,1.37023,,3.9389910188,83.773
1396637580.221,20.748,1.37011,1.37024,21.595,1.37011,1.37024,,1.0408232119,0.847
1396637581.013,16.574,1.37012,1.37023,15.637,1.37012,1.37023,,0.9434656691,-0.937
1396637584.912,17.988,1.37011,1.37025,15.423,1.37011,1.37025,,0.8574049366,-2.565
1396637588.923,11.929,1.37011,1.37024,12.241,1.37011,1.37024,,1.0261547489,0.312
1396637589.397,14.874,1.37013,1.37023,13.545,1.37013,1.37023,,0.9106494554,-1.329
1396637589.523,12.928,1.37011,1.37025,13.362,1.37011,1.37025,,1.0335705446,0.434
1396637589.906,11.527,1.37013,1.37023,12.039,1.37013,1.37023,,1.0444174547,0.512
1396637590.396,11.894,1.37011,1.37025,12.223,1.37011,1.37025,,1.0276610055,0.329
1396637590.654,14.183,1.37012,1.37023,13.319,1.37012,1.37023,,0.9390819996,-0.864
1396637590.78,12.228,1.37011,1.37025,12.581,1.37011,1.37025,,1.0288681714,0.353
1396637590.907,12.305,1.37011,1.37024,13.736,1.37011,1.37024,,1.1162941894,1.431
1396637591.035,12.691,1.37012,1.37023,13.363,1.37012,1.37023,,1.0529509101,0.672
1396637593.762,11.468,1.37015,1.37026,11.801,1.37015,1.37026,,1.0290373212,0.333
1396637599.013,12.023,1.37013,1.37027,12.909,1.37013,1.37027,,1.0736920902,0.886
1396637599.816,14.897,1.37013,1.37027,14.475,1.37013,1.37027,,0.9716721488,-0.422
1396637605.525,12.943,1.37013,1.37026,13.926,1.37013,1.37026,,1.0759483891,0.983
1396637605.631,12.543,1.37013,1.37025,12.66,1.37013,1.37025,,1.009327912,0.117
1396637619.24,11.598,1.37012,1.37022,12.026,1.37012,1.37022,,1.0369029143,0.428
1396637619.259,18.696,1.37009,1.37022,99.191,1.37009,1.37022,,5.3054664099,80.495
1396637619.376,14.49,1.37009,1.37021,77.667,1.37009,1.37021,,5.3600414079,63.177
1396637620.282,12.767,1.37009,1.37019,12.835,1.37009,1.37019,,1.0053262317,0.068
1396637621.013,11.619,1.37011,1.37022,12.336,1.37011,1.37022,,1.0617092693,0.717
1396637621.321,14.163,1.37012,1.37021,15.187,1.37012,1.37021,,1.0723010662,1.024
1396637628.112,16.002,1.37013,1.37023,15.891,1.37013,1.37023,,0.9930633671,-0.111
1396637628.414,13.135,1.37013,1.37025,13.996,1.37013,1.37025,,1.0655500571,0.861
1396637628.424,25.33,1.37015,1.37027,103.764,1.37015,1.37027,,4.0964863798,78.434
1396637628.436,43.397,1.37016,1.3703,92.995,1.37016,1.3703,,2.1428900615,49.598
1396637628.52,14.752,1.37018,1.37031,107.394,1.37018,1.37031,,7.279962039,92.642
1396637628.714,17.94,1.37019,1.37031,14.183,1.37019,1.37031,,0.7905797101,-3.757
1396637628.814,11.947,1.37017,1.3703,13.676,1.37017,1.3703,,1.1447225245,1.729
1396637628.891,12.571,1.37017,1.37029,36.4,1.37017,1.37029,,2.8955532575,23.829
1396637640.613,11.08,1.37018,1.37028,12.248,1.37018,1.37028,,1.1054151625,1.168
1396637640.803,12.177,1.37019,1.37028,12.888,1.37019,1.37028,,1.0583887657,0.711
1396637647.319,19.722,1.37017,1.37028,18.934,1.37017,1.37028,,0.9600446202,-0.788
1396637650.282,14.646,1.37016,1.37027,11.662,1.37016,1.37027,,0.7962583641,-2.984
1396637657.983,16.114,1.37018,1.37027,17.112,1.37018,1.37027,,1.0619337222,0.998
1396637659.535,11.68,1.37017,1.37028,11.741,1.37017,1.37028,,1.0052226027,0.061
1396637667.199,11.993,1.37014,1.37025,12.24,1.37014,1.37025,,1.0205953473,0.247
1396637669.704,16.094,1.37013,1.37026,101.321,1.37013,1.37026,,6.2955759911,85.227
1396637670.015,12.4,1.37014,1.37025,11.798,1.37014,1.37025,,0.9514516129,-0.602
1396637677.814,16.232,1.37014,1.37026,17.338,1.37014,1.37026,,1.0681370133,1.106
1396637678.035,11.465,1.37014,1.37027,12.29,1.37014,1.37027,,1.0719581334,0.825
1396637678.059,12.373,1.37016,1.37029,88.054,1.37016,1.37029,,7.1166249091,75.681
1396637678.116,12.886,1.37017,1.37029,132.977,1.37017,1.37029,,10.3194940245,120.091
1396637678.122,22.255,1.37016,1.37032,128.976,1.37016,1.37032,,5.7953718266,106.721
1396637678.315,11.692,1.37018,1.37032,34.529,1.37018,1.37032,,2.9532158741,22.837
1396637678.539,11.681,1.37019,1.37031,12.14,1.37019,1.37031,,1.0392945809,0.459
1396637678.637,12.33,1.3702,1.37031,17.871,1.3702,1.37031,,1.4493917275,5.541
1396637680.088,12.535,1.37019,1.37031,13.078,1.37019,1.37031,,1.0433187076,0.543
1396637680.125,12.458,1.37018,1.37031,74.495,1.37018,1.37031,,5.9796917643,62.037
1396637684.161,12.113,1.37019,1.37031,12.648,1.37019,1.37031,,1.0441674234,0.535
1396637684.517,12.645,1.37021,1.3703,12.217,1.37021,1.3703,,0.9661526295,-0.428
1396637685.39,11.348,1.37022,1.37029,11.804,1.37022,1.37029,,1.0401832922,0.456
1396637685.418,13.117,1.3702,1.37031,82.863,1.3702,1.37031,,6.3172219257,69.746
1396637685.518,11.704,1.37023,1.37033,84.089,1.37023,1.37033,,7.1846377307,72.385
1396637686.213,12.379,1.37024,1.37035,12.261,1.37024,1.37035,,0.9904677276,-0.118
1396637689.912,12.483,1.37023,1.37033,12.203,1.37023,1.37033,,0.9775694945,-0.28
1396637691.019,11.731,1.37023,1.37033,12.293,1.37023,1.37033,,1.0479072543,0.562
1396637697.613,12.282,1.37023,1.37032,13.461,1.37023,1.37032,,1.0959941378,1.179
1396637700.147,12.805,1.37022,1.37032,13.027,1.37022,1.37032,,1.0173369777,0.222
1396637704.016,11.99,1.37022,1.37033,12.15,1.37022,1.37033,,1.0133444537,0.16
1396637704.073,12.826,1.37019,1.37033,55.188,1.37019,1.37033,,4.302822392,42.362
1396637704.124,61.213,1.37019,1.37032,104.506,1.37019,1.37032,,1.7072517276,43.293
1396637704.419,13.454,1.37019,1.3703,11.996,1.37019,1.3703,,0.8916307418,-1.458
1396637704.68,13.03,1.37018,1.37028,12.9,1.37018,1.37028,,0.9900230238,-0.13
1396637704.753,12.066,1.37018,1.3703,139.417,1.37018,1.3703,,11.5545333996,127.351
1396637706.13,12.708,1.37019,1.3703,13.763,1.37019,1.3703,,1.083018571,1.055
1396637706.247,12.385,1.3702,1.3703,12.537,1.3702,1.3703,,1.0122729108,0.152
1396637706.42,12.225,1.3702,1.37032,12.521,1.3702,1.37032,,1.0242126789,0.296
1396637707.83,12.365,1.3702,1.37031,12.237,1.3702,1.37031,,0.9896482006,-0.128
1396637712.167,12.021,1.37021,1.3703,12.325,1.37021,1.3703,,1.0252890774,0.304
1396637714.866,11.262,1.3702,1.37031,12.46,1.3702,1.37031,,1.1063754218,1.198
1396637722.916,11.953,1.37022,1.37029,12.388,1.37022,1.37029,,1.0363925374,0.435
1396637723.621,12.115,1.37021,1.3703,11.974,1.37021,1.3703,,0.9883615353,-0.141
1396637723.822,11.691,1.37021,1.37032,12.395,1.37021,1.37032,,1.0602172611,0.704
1396637723.985,12.467,1.37021,1.37031,12.144,1.37021,1.37031,,0.9740916018,-0.323
1396637724.212,11.847,1.37022,1.37031,12.9,1.37022,1.37031,,1.0888832616,1.053
1396637728.501,12.336,1.37022,1.37032,12.132,1.37022,1.37032,,0.983463035,-0.204
1396637729.852,11.447,1.37022,1.37031,12.348,1.37022,1.37031,,1.0787105792,0.901
1396637730.874,12.736,1.37022,1.37031,13.282,1.37022,1.37031,,1.042870603,0.546
1396637739.841,13.496,1.37021,1.37032,12.521,1.37021,1.37032,,0.9277563723,-0.975
1396637743.189,12.158,1.37021,1.37031,11.97,1.37021,1.37031,,0.9845369304,-0.188
1396637743.214,11.508,1.37022,1.37031,90.655,1.37022,1.37031,,7.8775634341,79.147
1396637747.923,11.543,1.3702,1.37032,12.63,1.3702,1.37032,,1.0941696266,1.087
1396637750.879,12.611,1.37019,1.37032,13.424,1.37019,1.37032,,1.0644675283,0.813
1396637750.987,12.178,1.37016,1.37029,12.525,1.37016,1.37029,,1.0284940056,0.347
1396637751.017,11.93,1.37017,1.37029,83.224,1.37017,1.37029,,6.9760268231,71.294
1396637751.517,12.813,1.3702,1.37031,13.684,1.3702,1.37031,,1.067977835,0.871
1396637755.412,11.866,1.37021,1.37033,13.553,1.37021,1.37033,,1.1421709085,1.687
1396637755.549,13.147,1.37022,1.37033,13.152,1.37022,1.37033,,1.0003803149,0.005
1396637755.616,12.463,1.37021,1.37033,45.66,1.37021,1.37033,,3.6636443874,33.197
1396637758.412,11.884,1.37022,1.37033,12.532,1.37022,1.37033,,1.0545270953,0.648
1396637768.875,11.417,1.37022,1.37032,12.731,1.37022,1.37032,,1.1150915302,1.314
1396637772.789,12.801,1.37021,1.37033,13.509,1.37021,1.37033,,1.055308179,0.708
1396637785.712,14.356,1.37022,1.37032,15.268,1.37022,1.37032,,1.063527445,0.912
1396637785.912,13.683,1.37021,1.37032,15.312,1.37021,1.37032,,1.1190528393,1.629
1396637787.469,13.044,1.3702,1.3703,14.724,1.3702,1.3703,,1.1287948482,1.68
1396637787.567,13.707,1.37019,1.3703,14.863,1.37019,1.3703,,1.0843364704,1.156
1396637787.812,12.671,1.3702,1.3703,13.269,1.3702,1.3703,,1.0471943809,0.598
1396637789.275,12.275,1.37019,1.37031,12.999,1.37019,1.37031,,1.0589816701,0.724
1396637793.944,12.168,1.37017,1.37028,13.056,1.37017,1.37028,,1.0729783037,0.888
1396637794.015,12.67,1.37016,1.37028,42.352,1.37016,1.37028,,3.3426992897,29.682
1396637794.033,12.314,1.37015,1.37028,125.159,1.37015,1.37028,,10.1639597206,112.845
1396637794.145,12.524,1.37017,1.3703,113.331,1.37017,1.3703,,9.049105717,100.807
1396637794.227,434.52,1.37017,1.37029,33.748,1.37017,1.37029,,0.0776673111,-400.772
1396637796.39,11.972,1.37017,1.37029,13.091,1.37017,1.37029,,1.0934680922,1.119
1396637812.323,13.215,1.37015,1.37028,14.538,1.37015,1.37028,,1.1001135074,1.323
1396637818.655,11.615,1.37017,1.3703,12.49,1.37017,1.3703,,1.0753336203,0.875
1396637823.784,13,1.37018,1.37029,13.88,1.37018,1.37029,,1.0676923077,0.88
1396637832.679,13.148,1.37016,1.37027,14.783,1.37016,1.37027,,1.1243535138,1.635
1396637835.918,12.866,1.37016,1.37026,13.765,1.37016,1.37026,,1.0698740867,0.899
1396637836.016,12.215,1.37014,1.37024,15.285,1.37014,1.37024,,1.2513303316,3.07
1396637859.82,13.051,1.37015,1.37026,113.232,1.37015,1.37026,,8.6761167727,100.181
1396637864.445,13.601,1.37017,1.37028,14.526,1.37017,1.37028,,1.0680097052,0.925
1396637864.516,12.539,1.37018,1.3703,43.619,1.37018,1.3703,,3.4786665603,31.08
1396637864.613,12.895,1.3702,1.37031,46.4,1.3702,1.37031,,3.5982939124,33.505
1396637864.812,12.214,1.37021,1.3703,47.439,1.37021,1.3703,,3.8839855903,35.225
1396637871.554,14.221,1.37023,1.37032,13.408,1.37023,1.37032,,0.9428310245,-0.813
1396637885.615,12.601,1.37021,1.37033,13.131,1.37021,1.37033,,1.042060154,0.53
1396637885.712,11.845,1.37022,1.37033,17.968,1.37022,1.37033,,1.5169269734,6.123
1396637885.821,14.793,1.37022,1.37032,15.792,1.37022,1.37032,,1.0675319408,0.999
1396637885.913,13.451,1.37023,1.37032,23.333,1.37023,1.37032,,1.7346665675,9.882
1396637891.612,12.886,1.37023,1.37034,13.615,1.37023,1.37034,,1.056573025,0.729
1396637894.66,13.577,1.37024,1.37033,14.577,1.37024,1.37033,,1.0736539736,1
1396637894.665,28.82,1.37023,1.37035,110.267,1.37023,1.37035,,3.8260582929,81.447
1396637895.421,12.266,1.37024,1.37033,13.407,1.37024,1.37033,,1.0930213599,1.141
1396637903.919,12.836,1.37022,1.37031,14.078,1.37022,1.37031,,1.096759115,1.242
1396637903.924,23.073,1.37021,1.37033,108.592,1.37021,1.37033,,4.7064534304,85.519
1396637904.113,12.54,1.37022,1.37033,19.106,1.37022,1.37033,,1.5236044657,6.566
1396637904.212,12.966,1.37022,1.37032,21.23,1.37022,1.37032,,1.6373592473,8.264
1396637904.612,12.473,1.37023,1.37032,13.11,1.37023,1.37032,,1.0510703119,0.637
1396637905.118,13.041,1.37022,1.37034,13.405,1.37022,1.37034,,1.0279119699,0.364
1396637905.529,12.996,1.37024,1.37033,13.854,1.37024,1.37033,,1.0660203139,0.858
1396637907.975,11.877,1.37023,1.37035,13.396,1.37023,1.37035,,1.1278942494,1.519
1396637918.207,12.79,1.37024,1.37034,13.379,1.37024,1.37034,,1.0460516028,0.589
1396637939.018,16.231,1.37024,1.37037,16.258,1.37024,1.37037,,1.0016634835,0.027
1396637939.018,16.231,1.37024,1.37037,16.258,1.37024,1.37037,116.924,1.0016634835,0.027
1396637939.023,34.783,1.37023,1.37039,114.061,1.37023,1.37039,,3.2792168588,79.278
1396637939.057,16.771,1.37022,1.37041,81.225,1.37022,1.37041,,4.8431816827,64.454
1396637939.115,16.26,1.37023,1.37041,117.047,1.37023,1.37041,,7.1984624846,100.787
1396637939.121,41.419,1.37025,1.37043,112.578,1.37025,1.37043,,2.7180279582,71.159
1396637939.145,40.635,1.37028,1.37046,91.304,1.37028,1.37046,,2.2469299865,50.669
1396637939.215,13.034,1.37029,1.37046,117.677,1.37029,1.37046,,9.0284640172,104.643
1396637939.311,17.324,1.37029,1.37045,23.002,1.37029,1.37045,,1.3277534057,5.678
1396637939.526,13.689,1.3703,1.37044,15.323,1.3703,1.37044,,1.1193659142,1.634
1396637939.612,12.422,1.3703,1.37043,29.814,1.3703,1.37043,,2.4000966028,17.392
1396637939.776,12.839,1.37029,1.37041,66.22,1.37029,1.37041,,5.1577225641,53.381
1396637940.112,12.654,1.3703,1.37039,13.95,1.3703,1.37039,,1.1024182077,1.296
1396637940.119,21.487,1.37029,1.3704,106.552,1.37029,1.3704,,4.9589053847,85.065
1396637940.225,11.416,1.37028,1.37038,102.043,1.37028,1.37038,,8.9385949544,90.627
1396637940.423,13.554,1.37026,1.37038,14.293,1.37026,1.37038,,1.0545226501,0.739
1396637940.885,13.747,1.37025,1.37035,13.4,1.37025,1.37035,,0.974758129,-0.347
1396637941.505,12.48,1.37026,1.37035,13.18,1.37026,1.37035,,1.0560897436,0.7
1396637946.932,12.376,1.37024,1.37033,13.614,1.37024,1.37033,,1.1000323206,1.238
1396637947.741,12.517,1.37024,1.37033,13.849,1.37024,1.37033,,1.1064152752,1.332
1396637974.064,13.796,1.3702,1.37033,15.355,1.3702,1.37033,,1.1130037692,1.559
1396637974.112,14.426,1.3702,1.37032,66.485,1.3702,1.37032,,4.6086926383,52.059
1396637974.223,13.591,1.3702,1.37031,55.979,1.3702,1.37031,,4.1188286366,42.388
1396637974.73,24.339,1.37018,1.37028,110.78,1.37018,1.37028,,4.5515427914,86.441
1396637975.062,12.701,1.37018,1.3703,14.072,1.37018,1.3703,,1.1079442564,1.371
1396637975.273,13.196,1.37016,1.3703,13.756,1.37016,1.3703,,1.0424371022,0.56
1396637975.416,12.561,1.37016,1.37029,13.583,1.37016,1.37029,,1.0813629488,1.022
1396637975.52,12.953,1.37016,1.37028,13.784,1.37016,1.37028,,1.064155022,0.831
1396637976.113,12.153,1.37017,1.37027,13.374,1.37017,1.37027,,1.10046902,1.221
1396637976.17,12.882,1.37016,1.37028,56.325,1.37016,1.37028,,4.3723800652,43.443
1396637977.512,12.356,1.37015,1.37028,13.421,1.37015,1.37028,,1.0861929427,1.065
1396637978.022,12.518,1.37015,1.37024,13.91,1.37015,1.37024,,1.1111998722,1.392
1396637978.06,13.158,1.37014,1.37024,76.458,1.37014,1.37024,,5.8107615139,63.3
1396637978.221,13.884,1.37015,1.37026,14.502,1.37015,1.37026,,1.0445116681,0.618
1396637979.022,13.255,1.37016,1.37026,14.535,1.37016,1.37026,,1.0965673331,1.28
1396637980.331,12.333,1.37015,1.37027,13.391,1.37015,1.37027,,1.0857861023,1.058
1396637980.352,13.041,1.37018,1.3703,94.473,1.37018,1.3703,,7.2443064182,81.432
1396637980.443,12.818,1.3702,1.37033,101.481,1.3702,1.37033,,7.9170697457,88.663
1396637980.508,12.073,1.3702,1.37032,38.82,1.3702,1.37032,,3.2154394103,26.747
1396637981.712,15.901,1.37021,1.37031,16.8,1.37021,1.37031,,1.0565373247,0.899
1396637983.445,13.509,1.37019,1.37031,13.699,1.37019,1.37031,,1.0140646976,0.19
1396637984.112,13.288,1.3702,1.37029,13.356,1.3702,1.37029,,1.0051173992,0.068
1396637984.777,13.85,1.37019,1.37029,65.825,1.37019,1.37029,,4.7527075812,51.975
1396637984.927,20.473,1.37019,1.3703,21.511,1.37019,1.3703,,1.0507009232,1.038
1396637984.93,39.272,1.37018,1.37031,112.196,1.37018,1.37031,,2.8568954981,72.924
1396637985.704,12.609,1.37019,1.3703,13.463,1.37019,1.3703,,1.0677293996,0.854
1396637987.546,13.983,1.37018,1.3703,15.115,1.37018,1.3703,,1.0809554459,1.132
1396637987.583,12.997,1.3702,1.37032,77.962,1.3702,1.37032,,5.9984611834,64.965
1396637987.787,12.545,1.37021,1.37031,14.057,1.37021,1.37031,,1.120526106,1.512
1396637988.56,13.529,1.37019,1.37031,13.599,1.37019,1.37031,,1.0051740705,0.07
1396637988.615,13.242,1.3702,1.37031,58.931,1.3702,1.37031,,4.4503096209,45.689
1396637988.632,12.981,1.37017,1.3703,142.545,1.37017,1.3703,,10.9810492258,129.564
1396637988.74,13.644,1.37017,1.37029,36.298,1.37017,1.37029,,2.6603635298,22.654
1396637988.855,15.851,1.37017,1.37028,20.438,1.37017,1.37028,,1.2893823734,4.587
1396637988.932,36.693,1.37017,1.37029,142.541,1.37017,1.37029,,3.8846919031,105.848
1396637989.081,13.772,1.3702,1.37031,96.13,1.3702,1.37031,,6.98010456,82.358
1396637991.415,12.247,1.37017,1.37028,13.727,1.37017,1.37028,,1.1208459215,1.48
1396637992.058,13.734,1.37019,1.3703,14.535,1.37019,1.3703,,1.0583224115,0.801
1396637992.142,12.942,1.37017,1.3703,30.264,1.37017,1.3703,,2.3384330088,17.322
1396637992.771,13.621,1.37018,1.37029,15.269,1.37018,1.37029,,1.1209896483,1.648
1396637993.199,13.186,1.37019,1.37029,14.611,1.37019,1.37029,,1.1080691643,1.425
1396637993.714,12.979,1.37019,1.3703,14.196,1.37019,1.3703,,1.0937668541,1.217
1396637994.021,14.338,1.37018,1.3703,15.142,1.37018,1.3703,,1.0560747664,0.804
1396637995.035,18.061,1.37019,1.37034,19.388,1.37019,1.37034,,1.0734732296,1.327
1396637995.038,31.292,1.37019,1.37035,115.253,1.37019,1.37035,,3.683145852,83.961
1396637995.065,21.356,1.37019,1.37037,91.916,1.37019,1.37037,,4.3039895111,70.56
1396637995.127,17.215,1.37022,1.3704,124.61,1.37022,1.3704,,7.2384548359,107.395
1396637995.172,13.7,1.37024,1.37041,81,1.37024,1.37041,,5.9124087591,67.3
1396637995.315,442.938,1.37025,1.37041,934.256,1.37025,1.37041,,2.1092252189,491.318
1396637995.676,101,1.37024,1.37039,581.156,1.37024,1.37039,,5.754019802,480.156
1396637995.786,18.253,1.37024,1.37038,473.054,1.37024,1.37038,,25.9165068756,454.801
1396637996.234,29.788,1.3702,1.37032,66.021,1.3702,1.37032,,2.2163622935,36.233
1396637996.413,12.674,1.3702,1.37031,13.22,1.3702,1.37031,,1.0430803219,0.546
1396637996.997,12.868,1.37021,1.37029,13.578,1.37021,1.37029,,1.0551756295,0.71
1396637998.088,14.084,1.37019,1.3703,15.281,1.37019,1.3703,,1.0849900596,1.197
1396637998.126,17.087,1.37018,1.3703,76.16,1.37018,1.3703,,4.4571896764,59.073
1396637998.345,12.948,1.37018,1.37029,14.027,1.37018,1.37029,,1.0833333333,1.079
1396637998.465,13.132,1.37016,1.3703,13.747,1.37016,1.3703,,1.0468321657,0.615
1396637998.712,13.588,1.37017,1.3703,15.372,1.37017,1.3703,,1.1312923168,1.784
1396637998.717,25.008,1.37016,1.3703,111.773,1.37016,1.3703,,4.4694897633,86.765
1396637999.078,13.217,1.37017,1.37029,14.629,1.37017,1.37029,,1.1068321102,1.412
1396637999.525,12.533,1.37016,1.3703,13.535,1.37016,1.3703,,1.0799489348,1.002
1396637999.691,12.599,1.37017,1.37029,13.555,1.37017,1.37029,,1.075879038,0.956
1396637999.813,20.095,1.37017,1.3703,94.828,1.37017,1.3703,,4.7189848221,74.733
1396637999.994,13.108,1.37019,1.37031,14.339,1.37019,1.37031,,1.0939121147,1.231
1396638000.104,12.942,1.37016,1.3703,13.518,1.37016,1.3703,,1.0445062587,0.576
1396638000.107,26.242,1.37015,1.3703,111.551,1.37015,1.3703,,4.2508574042,85.309
1396638000.133,16.37,1.37013,1.37028,87.847,1.37013,1.37028,,5.3663408674,71.477
1396638000.186,13.495,1.37011,1.37025,133.525,1.37011,1.37025,,9.8944053353,120.03
1396638000.291,16.727,1.37011,1.37024,31.05,1.37011,1.37024,,1.8562802654,14.323
1396638000.385,17.915,1.37012,1.37024,33.863,1.37012,1.37024,,1.8902037399,15.948
1396638000.655,13.17,1.37013,1.37023,14.365,1.37013,1.37023,,1.0907365224,1.195
1396638000.925,15.647,1.37011,1.37021,16.93,1.37011,1.37021,,1.0819965489,1.283
1396638000.929,45.648,1.37012,1.37021,110.191,1.37012,1.37021,,2.4139283211,64.543
1396638001.692,13.158,1.37011,1.37022,13.976,1.37011,1.37022,,1.0621675027,0.818
1396638001.714,13.812,1.37009,1.3702,93.326,1.37009,1.3702,,6.756878077,79.514
1396638001.755,13.201,1.37012,1.37023,153.906,1.37012,1.37023,,11.6586622226,140.705
1396638001.876,14.422,1.37013,1.37023,34.937,1.37013,1.37023,,2.4224795451,20.515
1396638001.898,21.526,1.37011,1.37022,1224.271,1.37011,1.37022,,56.8740592772,1202.745
1396638002.267,13.083,1.37009,1.3702,858.429,1.37009,1.3702,,65.6140793396,845.346
1396638002.613,13.749,1.37011,1.37021,514.227,1.37011,1.37021,,37.4010473489,500.478
1396638002.721,13.267,1.37012,1.37021,408.316,1.37012,1.37021,,30.7768146529,395.049
1396638002.815,15.318,1.37012,1.37022,315.444,1.37012,1.37022,,20.5930278104,300.126
1396638002.929,13.514,1.37012,1.37024,203.786,1.37012,1.37024,,15.0796211336,190.272
1396638003.073,14.175,1.37013,1.37024,62.089,1.37013,1.37024,,4.3801763668,47.914
1396638003.654,12.503,1.37011,1.37023,13.742,1.37011,1.37023,,1.0990962169,1.239
1396638003.811,13.299,1.37011,1.37025,14.968,1.37011,1.37025,,1.1254981578,1.669
1396638003.819,22.223,1.37011,1.37024,630.968,1.37011,1.37024,,28.3925662602,608.745
1396638004.03,16.329,1.37012,1.37023,519.097,1.37012,1.37023,,31.7898830302,502.768
1396638005.81,17.128,1.37013,1.37023,18.13,1.37013,1.37023,,1.0585007006,1.002
1396638011.318,19.636,1.37015,1.37025,20.848,1.37015,1.37025,,1.0617233652,1.212
1396638011.322,33.527,1.37013,1.37027,111.919,1.37013,1.37027,,3.3381752021,78.392
1396638011.413,15.455,1.37013,1.37026,118.53,1.37013,1.37026,,7.6693626658,103.075
1396638011.697,13.66,1.37013,1.37025,15.06,1.37013,1.37025,,1.102489019,1.4
1396638013.521,20.76,1.37015,1.37027,1213.912,1.37015,1.37027,,58.4736030829,1193.152
1396638013.532,41.52,1.37015,1.3703,1220.003,1.37015,1.3703,,29.3835019268,1178.483
1396638013.615,17.285,1.37016,1.3703,1138.422,1.37016,1.3703,,65.8618455308,1121.137
1396638013.715,20.961,1.37016,1.37029,1040.957,1.37016,1.37029,,49.661609656,1019.996
1396638013.81,19.768,1.37017,1.37029,947.058,1.37017,1.37029,,47.9086402266,927.29
1396638014.753,15.634,1.37019,1.37029,101.584,1.37019,1.37029,,6.4976333632,85.95
1396638015.705,13.911,1.37019,1.3703,14.579,1.37019,1.3703,,1.0480195529,0.668
1396638015.713,22.964,1.37018,1.3703,107.297,1.37018,1.3703,,4.6724002787,84.333
1396638015.867,13.686,1.37015,1.37027,57.595,1.37015,1.37027,,4.2083150665,43.909
1396638015.922,18.91,1.37015,1.37026,99.034,1.37015,1.37026,,5.2371232152,80.124
1396638017.314,12.888,1.37013,1.37026,44.739,1.37013,1.37026,,3.4713687151,31.851
1396638017.322,19.597,1.37012,1.37026,138.288,1.37012,1.37026,,7.0565902944,118.691
1396638017.427,12.178,1.37012,1.37025,35.39,1.37012,1.37025,,2.9060601084,23.212
1396638022.613,14.428,1.37015,1.37026,15.375,1.37015,1.37026,,1.0656362628,0.947
1396638022.82,14.476,1.37014,1.37027,14.25,1.37014,1.37027,,0.9843879525,-0.226
1396638022.99,13.599,1.37014,1.37026,14.085,1.37014,1.37026,,1.0357379219,0.486
1396638025.412,13.462,1.37015,1.37026,14.005,1.37015,1.37026,,1.0403357599,0.543
1396638025.421,20.445,1.37014,1.37026,105.27,1.37014,1.37026,,5.1489361702,84.825
1396638025.623,13.462,1.37012,1.37024,14.253,1.37012,1.37024,,1.0587579854,0.791
1396638025.722,13.443,1.37013,1.37024,17.057,1.37013,1.37024,,1.2688388009,3.614
1396638029.012,12.623,1.37012,1.37026,13.685,1.37012,1.37026,,1.0841321397,1.062
1396638034.25,12.928,1.37013,1.37025,12.65,1.37013,1.37025,,0.9784962871,-0.278
1396638034.263,16.416,1.37013,1.3703,106.495,1.37013,1.3703,,6.4872685185,90.079
1396638034.318,13.171,1.37015,1.37032,147.046,1.37015,1.37032,,11.1643762812,133.875
1396638034.33,24.099,1.37017,1.37033,137.748,1.37017,1.37033,,5.7159218225,113.649
1396638034.556,13.503,1.37018,1.37032,14.808,1.37018,1.37032,,1.09664519,1.305
1396638034.65,13.372,1.37016,1.37029,19.299,1.37016,1.37029,,1.4432396051,5.927
1396638034.732,12.213,1.37017,1.37029,37.539,1.37017,1.37029,,3.0736919676,25.326
1396638035.059,12.88,1.37017,1.37028,13.419,1.37017,1.37028,,1.0418478261,0.539
1396638035.907,19.16,1.37019,1.3703,19.377,1.37019,1.3703,,1.0113256785,0.217
1396638036.811,13.874,1.37021,1.37033,14.183,1.37021,1.37033,,1.0222718755,0.309
1396638037.997,11.966,1.37021,1.37032,13.345,1.37021,1.37032,,1.115243189,1.379
1396638038.02,13.664,1.37018,1.3703,88.547,1.37018,1.3703,,6.4803132319,74.883
1396638038.067,14.23,1.37016,1.37027,146.37,1.37016,1.37027,,10.2860154603,132.14
1396638038.222,13.499,1.37017,1.37027,92.176,1.37017,1.37027,,6.8283576561,78.677
1396638040.242,12.382,1.37017,1.3703,13.917,1.37017,1.3703,,1.1239702794,1.535
1396638040.323,14.418,1.3702,1.37033,31.482,1.3702,1.37033,,2.1835205993,17.064
1396638040.513,14.173,1.37022,1.37033,15.17,1.37022,1.37033,,1.0703450222,0.997
1396638040.812,14.998,1.37023,1.37031,16.348,1.37023,1.37031,,1.0900120016,1.35
1396638040.821,25.513,1.37023,1.37034,104.768,1.37023,1.37034,,4.1064555325,79.255
1396638041.118,12.6,1.37024,1.37033,13.524,1.37024,1.37033,,1.0733333333,0.924
1396638041.213,12.425,1.37024,1.37032,19.41,1.37024,1.37032,,1.5621730382,6.985
1396638041.22,106.013,1.37022,1.37034,112.845,1.37022,1.37034,,1.0644449266,6.832
1396638041.616,13.219,1.37023,1.37032,13.945,1.37023,1.37032,,1.0549209471,0.726
1396638041.624,20.176,1.37022,1.37033,107.273,1.37022,1.37033,,5.3168616178,87.097
